effect_allele.exposure,other_allele.exposure,eaf.exposure,beta.exposure,se.exposure,pval.exposure,pos.exposure,chr.exposure,SNP,exposure,mr_keep.exposure,pval_origin.exposure,id.exposure
T,C,0.6565,-0.5076,0.0323,9.589e-56,10796866,1,rs880315,Systolic blood pressure (no ACE),TRUE,reported,hq6Hss
T,G,0.0809,0.8211,0.0576,4.61e-46,113044328,1,rs10776752,Systolic blood pressure (no ACE),TRUE,reported,hq6Hss
A,G,0.1705,-0.4354,0.0401,1.964e-27,113230758,1,rs2999159,Systolic blood pressure (no ACE),TRUE,reported,hq6Hss
A,C,0.545,0.1779,0.0305,5.698e-09,113435012,1,rs2105388,Systolic blood pressure (no ACE),TRUE,reported,hq6Hss
T,G,0.0178,1.0997,0.1163,3.315e-21,115827266,1,rs59980837,Systolic blood pressure (no ACE),TRUE,reported,hq6Hss
A,G,0.0453,-0.5125,0.0785,6.603e-11,115928366,1,rs61798313,Systolic blood pressure (no ACE),TRUE,reported,hq6Hss
C,G,0.8401,0.9115,0.041,1.68e-109,11881441,1,rs6699618,Systolic blood pressure (no ACE),TRUE,reported,hq6Hss
T,C,0.0385,0.6755,0.0873,9.867e-15,11908167,1,rs17376426,Systolic blood pressure (no ACE),TRUE,reported,hq6Hss
A,G,0.0917,-0.3793,0.0535,1.314e-12,12081637,1,rs34475503,Systolic blood pressure (no ACE),TRUE,reported,hq6Hss
A,G,0.0691,-0.3786,0.0648,5.175e-09,1280014,1,rs307359,Systolic blood pressure (no ACE),TRUE,reported,hq6Hss
A,T,0.5773,0.1796,0.0308,5.343e-09,150572037,1,rs11585169,Systolic blood pressure (no ACE),TRUE,reported,hq6Hss
A,C,0.7569,-0.1963,0.0357,3.759e-08,15480494,1,rs7553381,Systolic blood pressure (no ACE),TRUE,reported,hq6Hss
T,C,0.1312,-0.2738,0.0461,2.97e-09,156129796,1,rs76719272,Systolic blood pressure (no ACE),TRUE,reported,hq6Hss
A,T,0.7196,0.3367,0.0336,1.108e-23,15939884,1,rs6666373,Systolic blood pressure (no ACE),TRUE,reported,hq6Hss
T,C,0.4288,-0.2461,0.0304,5.979e-16,16308447,1,rs848309,Systolic blood pressure (no ACE),TRUE,reported,hq6Hss
T,C,0.5068,0.1668,0.0303,3.86e-08,166023209,1,rs4573493,Systolic blood pressure (no ACE),TRUE,reported,hq6Hss
T,C,0.5059,-0.3304,0.0316,1.325e-25,1684472,1,rs7407,Systolic blood pressure (no ACE),TRUE,reported,hq6Hss
T,C,0.409,-0.189,0.0307,7.212e-10,169090660,1,rs12731646,Systolic blood pressure (no ACE),TRUE,reported,hq6Hss
T,G,0.6156,0.234,0.0311,5.261e-14,180859368,1,rs1043069,Systolic blood pressure (no ACE),TRUE,reported,hq6Hss
T,C,0.4474,0.1986,0.0306,9e-11,184585182,1,rs4651224,Systolic blood pressure (no ACE),TRUE,reported,hq6Hss
T,C,0.5284,-0.1807,0.0303,2.624e-09,197297417,1,rs12042924,Systolic blood pressure (no ACE),TRUE,reported,hq6Hss
T,C,0.0601,-0.3655,0.0662,3.39e-08,203109801,1,rs33996239,Systolic blood pressure (no ACE),TRUE,reported,hq6Hss
A,G,0.6334,0.207,0.0323,1.408e-10,2038662,1,rs3128334,Systolic blood pressure (no ACE),TRUE,reported,hq6Hss
T,C,0.4082,-0.1792,0.0307,5.129e-09,207211326,1,rs11120093,Systolic blood pressure (no ACE),TRUE,reported,hq6Hss
A,G,0.5303,0.1938,0.0301,1.286e-10,207974818,1,rs2724377,Systolic blood pressure (no ACE),TRUE,reported,hq6Hss
C,G,0.8011,0.2294,0.0376,1.054e-09,209970355,1,rs7555285,Systolic blood pressure (no ACE),TRUE,reported,hq6Hss
T,C,0.234,0.274,0.0357,1.678e-14,217737629,1,rs68085857,Systolic blood pressure (no ACE),TRUE,reported,hq6Hss
A,G,0.3012,-0.2092,0.0328,1.73e-10,221298122,1,rs4595370,Systolic blood pressure (no ACE),TRUE,reported,hq6Hss
A,C,0.1084,-0.2736,0.0494,3.096e-08,22282824,1,rs79932633,Systolic blood pressure (no ACE),TRUE,reported,hq6Hss
T,C,0.3655,0.1864,0.0314,2.777e-09,22577371,1,rs2807337,Systolic blood pressure (no ACE),TRUE,reported,hq6Hss
T,G,0.2857,0.1855,0.0332,2.396e-08,227496564,1,rs72632819,Systolic blood pressure (no ACE),TRUE,reported,hq6Hss
A,G,0.5203,0.2874,0.0302,1.587e-21,228199902,1,rs708117,Systolic blood pressure (no ACE),TRUE,reported,hq6Hss
A,G,0.5928,-0.3748,0.0308,5.589e-34,230845794,1,rs699,Systolic blood pressure (no ACE),TRUE,reported,hq6Hss
A,G,0.3752,0.1746,0.0311,1.935e-08,243387788,1,rs1565440,Systolic blood pressure (no ACE),TRUE,reported,hq6Hss
C,G,0.8263,0.2965,0.0438,1.333e-11,249155909,1,rs4926499,Systolic blood pressure (no ACE),TRUE,reported,hq6Hss
A,G,0.2477,0.2111,0.0355,2.64e-09,25022314,1,rs72654647,Systolic blood pressure (no ACE),TRUE,reported,hq6Hss
A,G,0.6325,0.2338,0.0314,9.888e-14,25351581,1,rs4320727,Systolic blood pressure (no ACE),TRUE,reported,hq6Hss
T,C,0.0369,0.5799,0.0877,3.865e-11,27262545,1,rs182050989,Systolic blood pressure (no ACE),TRUE,reported,hq6Hss
T,C,0.1783,-0.2732,0.043,2.177e-10,27699012,1,rs11247642,Systolic blood pressure (no ACE),TRUE,reported,hq6Hss
T,G,0.6944,0.2366,0.033,8.066e-13,28706949,1,rs4908348,Systolic blood pressure (no ACE),TRUE,reported,hq6Hss
T,C,0.1428,0.4208,0.0442,1.847e-21,3329384,1,rs2493291,Systolic blood pressure (no ACE),TRUE,reported,hq6Hss
T,C,0.4527,0.2456,0.0312,3.875e-15,38416310,1,rs72661887,Systolic blood pressure (no ACE),TRUE,reported,hq6Hss
A,G,0.6322,-0.203,0.0313,8.919e-11,41865293,1,rs11210029,Systolic blood pressure (no ACE),TRUE,reported,hq6Hss
T,G,0.4243,-0.3196,0.0304,8.332e-26,42364877,1,rs1408945,Systolic blood pressure (no ACE),TRUE,reported,hq6Hss
A,C,0.6149,-0.2665,0.0308,5.41e-18,43856410,1,rs839755,Systolic blood pressure (no ACE),TRUE,reported,hq6Hss
T,C,0.9114,0.3199,0.0537,2.56e-09,48109225,1,rs4926923,Systolic blood pressure (no ACE),TRUE,reported,hq6Hss
T,C,0.8483,0.2674,0.0425,3.236e-10,49052423,1,rs11579440,Systolic blood pressure (no ACE),TRUE,reported,hq6Hss
A,G,0.3736,0.2965,0.0311,1.45e-21,56606206,1,rs778124,Systolic blood pressure (no ACE),TRUE,reported,hq6Hss
A,G,0.8745,-0.3181,0.0455,2.862e-12,56979681,1,rs61772592,Systolic blood pressure (no ACE),TRUE,reported,hq6Hss
A,G,0.6863,0.2668,0.0326,2.521e-16,59649116,1,rs9660067,Systolic blood pressure (no ACE),TRUE,reported,hq6Hss
A,C,0.6657,0.2244,0.0321,2.717e-12,6678864,1,rs9661802,Systolic blood pressure (no ACE),TRUE,reported,hq6Hss
A,G,0.4949,0.2027,0.0304,2.689e-11,67007389,1,rs12136922,Systolic blood pressure (no ACE),TRUE,reported,hq6Hss
T,G,0.7447,-0.2028,0.0347,5.285e-09,78555928,1,rs658780,Systolic blood pressure (no ACE),TRUE,reported,hq6Hss
C,G,0.6939,-0.2126,0.0329,9.977e-11,8476441,1,rs301804,Systolic blood pressure (no ACE),TRUE,reported,hq6Hss
A,G,0.0856,0.3223,0.0543,2.948e-09,87932732,1,rs2892987,Systolic blood pressure (no ACE),TRUE,reported,hq6Hss
T,C,0.3252,-0.1901,0.0325,4.73e-09,88618707,1,rs2210893,Systolic blood pressure (no ACE),TRUE,reported,hq6Hss
T,C,0.6239,-0.3082,0.031,2.825e-23,89242954,1,rs786923,Systolic blood pressure (no ACE),TRUE,reported,hq6Hss
A,C,0.7712,0.2243,0.0361,5.452e-10,94051350,1,rs7514579,Systolic blood pressure (no ACE),TRUE,reported,hq6Hss
A,G,0.5685,0.2348,0.031,3.729e-14,9441838,1,rs1815614,Systolic blood pressure (no ACE),TRUE,reported,hq6Hss
A,G,0.7321,0.1991,0.0341,5.101e-09,94680185,1,rs75088623,Systolic blood pressure (no ACE),TRUE,reported,hq6Hss
T,G,0.8872,0.6846,0.048,3.497e-46,102553647,10,rs1006545,Systolic blood pressure (no ACE),TRUE,reported,hq6Hss
C,G,0.8888,-0.3014,0.0485,5.172e-10,102643219,10,rs17113555,Systolic blood pressure (no ACE),TRUE,reported,hq6Hss
A,T,0.7843,-0.2298,0.0366,3.594e-10,103384849,10,rs10883667,Systolic blood pressure (no ACE),TRUE,reported,hq6Hss
C,G,0.7712,-0.1984,0.036,3.659e-08,104486304,10,rs2244647,Systolic blood pressure (no ACE),TRUE,reported,hq6Hss
T,C,0.9176,1.0995,0.055,7.738e-89,104906211,10,rs11191580,Systolic blood pressure (no ACE),TRUE,reported,hq6Hss
T,C,0.0907,-1.0966,0.0566,1.21e-83,104952499,10,rs79780963,Systolic blood pressure (no ACE),TRUE,reported,hq6Hss
T,G,0.9091,0.3378,0.054,3.837e-10,105603920,10,rs79802331,Systolic blood pressure (no ACE),TRUE,reported,hq6Hss
A,G,0.8554,-0.3084,0.043,7.761e-13,105639421,10,rs911547,Systolic blood pressure (no ACE),TRUE,reported,hq6Hss
T,C,0.0119,0.9236,0.1491,5.834e-10,106058778,10,rs157079,Systolic blood pressure (no ACE),TRUE,reported,hq6Hss
A,G,0.0183,0.864,0.1199,5.795e-13,107158054,10,rs117464403,Systolic blood pressure (no ACE),TRUE,reported,hq6Hss
A,G,0.2516,0.2543,0.0358,1.15e-12,114818754,10,rs35519679,Systolic blood pressure (no ACE),TRUE,reported,hq6Hss
T,C,0.3472,-0.1806,0.0326,2.901e-08,114838872,10,rs7069881,Systolic blood pressure (no ACE),TRUE,reported,hq6Hss
A,G,0.0425,0.6884,0.0784,1.58e-18,115707298,10,rs11196549,Systolic blood pressure (no ACE),TRUE,reported,hq6Hss
C,G,0.7338,0.4626,0.0344,2.841e-41,115805056,10,rs1801253,Systolic blood pressure (no ACE),TRUE,reported,hq6Hss
A,G,0.6992,-0.182,0.033,3.528e-08,118523933,10,rs11197813,Systolic blood pressure (no ACE),TRUE,reported,hq6Hss
A,G,0.4632,0.1757,0.0305,8.553e-09,12241815,10,rs11257593,Systolic blood pressure (no ACE),TRUE,reported,hq6Hss
A,G,0.3096,0.3024,0.0326,1.547e-20,122968964,10,rs11592107,Systolic blood pressure (no ACE),TRUE,reported,hq6Hss
T,G,0.8756,-0.3246,0.0465,2.954e-12,124235226,10,rs72834453,Systolic blood pressure (no ACE),TRUE,reported,hq6Hss
A,G,0.6468,-0.2144,0.0322,2.938e-11,133773019,10,rs7912283,Systolic blood pressure (no ACE),TRUE,reported,hq6Hss
A,G,0.786,-0.2975,0.0376,2.528e-15,134459388,10,rs1133400,Systolic blood pressure (no ACE),TRUE,reported,hq6Hss
T,C,0.2871,0.2276,0.0334,9.02e-12,18336421,10,rs1891392,Systolic blood pressure (no ACE),TRUE,reported,hq6Hss
A,G,0.3449,0.3858,0.0317,4.691e-34,18440444,10,rs1888693,Systolic blood pressure (no ACE),TRUE,reported,hq6Hss
C,G,0.6006,0.1866,0.0312,2.316e-09,18572142,10,rs11013321,Systolic blood pressure (no ACE),TRUE,reported,hq6Hss
C,G,0.7047,0.6327,0.0337,1.083e-78,18727959,10,rs12258967,Systolic blood pressure (no ACE),TRUE,reported,hq6Hss
C,G,0.2558,0.197,0.0354,2.614e-08,24690604,10,rs3858217,Systolic blood pressure (no ACE),TRUE,reported,hq6Hss
A,T,0.4618,0.2527,0.0301,4.648e-17,28233469,10,rs3802517,Systolic blood pressure (no ACE),TRUE,reported,hq6Hss
T,C,0.7508,-0.2098,0.0349,1.866e-09,32284825,10,rs813412,Systolic blood pressure (no ACE),TRUE,reported,hq6Hss
T,G,0.0771,-0.4164,0.0573,3.613e-13,4124568,10,rs11252324,Systolic blood pressure (no ACE),TRUE,reported,hq6Hss
T,C,0.2819,0.2258,0.0338,2.397e-11,45379759,10,rs4948643,Systolic blood pressure (no ACE),TRUE,reported,hq6Hss
T,G,0.117,-0.3016,0.0497,1.279e-09,48411796,10,rs34130368,Systolic blood pressure (no ACE),TRUE,reported,hq6Hss
A,G,0.4584,-0.1794,0.0305,4.035e-09,60365755,10,rs4245599,Systolic blood pressure (no ACE),TRUE,reported,hq6Hss
A,G,0.5364,0.1716,0.0303,1.537e-08,61624697,10,rs1177701,Systolic blood pressure (no ACE),TRUE,reported,hq6Hss
T,C,0.4989,0.2004,0.03,2.54e-11,62390726,10,rs10761530,Systolic blood pressure (no ACE),TRUE,reported,hq6Hss
T,C,0.8527,0.716,0.0426,2.102e-63,63499951,10,rs57946343,Systolic blood pressure (no ACE),TRUE,reported,hq6Hss
T,G,0.3978,-0.3028,0.0309,1.045e-22,64564892,10,rs2236295,Systolic blood pressure (no ACE),TRUE,reported,hq6Hss
A,G,0.3345,0.2351,0.032,1.89e-13,65208652,10,rs72837033,Systolic blood pressure (no ACE),TRUE,reported,hq6Hss
T,G,0.3412,0.2411,0.0319,3.847e-14,69630907,10,rs7100912,Systolic blood pressure (no ACE),TRUE,reported,hq6Hss
T,C,0.1505,0.4394,0.0432,2.797e-24,75409877,10,rs2177843,Systolic blood pressure (no ACE),TRUE,reported,hq6Hss
A,C,0.5782,-0.2058,0.0307,1.978e-11,75866929,10,rs2131957,Systolic blood pressure (no ACE),TRUE,reported,hq6Hss
A,T,0.5114,0.21,0.03,2.691e-12,82020788,10,rs2788293,Systolic blood pressure (no ACE),TRUE,reported,hq6Hss
T,G,0.0424,0.4489,0.0764,4.269e-09,89681688,10,rs77413490,Systolic blood pressure (no ACE),TRUE,reported,hq6Hss
C,G,0.5384,-0.413,0.0304,3.858e-42,95899646,10,rs2797983,Systolic blood pressure (no ACE),TRUE,reported,hq6Hss
C,G,0.4324,-0.4517,0.0304,5.991e-50,96039597,10,rs2274224,Systolic blood pressure (no ACE),TRUE,reported,hq6Hss
A,G,0.4416,-0.2321,0.0304,2.427e-14,96371928,10,rs11638,Systolic blood pressure (no ACE),TRUE,reported,hq6Hss
A,G,0.1417,-0.251,0.0435,8.206e-09,97326325,10,rs56085433,Systolic blood pressure (no ACE),TRUE,reported,hq6Hss
T,C,0.2756,-0.655,0.0339,2.546e-83,100610546,11,rs604723,Systolic blood pressure (no ACE),TRUE,reported,hq6Hss
T,C,0.3542,0.1882,0.0319,3.625e-09,100748503,11,rs10895025,Systolic blood pressure (no ACE),TRUE,reported,hq6Hss
T,C,0.8136,-0.4784,0.0387,5.171e-35,10270621,11,rs111230791,Systolic blood pressure (no ACE),TRUE,reported,hq6Hss
T,C,0.3342,0.1985,0.0319,4.915e-10,10676987,11,rs2098839,Systolic blood pressure (no ACE),TRUE,reported,hq6Hss
A,G,0.5216,-0.3486,0.0303,1.46e-30,107096777,11,rs4754196,Systolic blood pressure (no ACE),TRUE,reported,hq6Hss
T,C,0.2813,0.1999,0.0335,2.492e-09,111664401,11,rs12363917,Systolic blood pressure (no ACE),TRUE,reported,hq6Hss
A,T,0.2561,-0.2246,0.0345,7.288e-11,112855354,11,rs7128707,Systolic blood pressure (no ACE),TRUE,reported,hq6Hss
T,C,0.2346,-0.2254,0.0356,2.386e-10,116076080,11,rs4245165,Systolic blood pressure (no ACE),TRUE,reported,hq6Hss
T,C,0.1304,0.3388,0.0457,1.193e-13,116772441,11,rs1076485,Systolic blood pressure (no ACE),TRUE,reported,hq6Hss
A,G,0.461,0.1994,0.0303,4.772e-11,117267884,11,rs573455,Systolic blood pressure (no ACE),TRUE,reported,hq6Hss
A,G,0.4916,0.1775,0.0303,4.64e-09,122610568,11,rs2156805,Systolic blood pressure (no ACE),TRUE,reported,hq6Hss
A,T,0.6379,-0.3363,0.0316,1.803e-26,130273230,11,rs11222084,Systolic blood pressure (no ACE),TRUE,reported,hq6Hss
T,C,0.7819,0.2235,0.0392,1.232e-08,130490917,11,rs7944927,Systolic blood pressure (no ACE),TRUE,reported,hq6Hss
T,G,0.6945,0.19,0.0326,5.875e-09,13295353,11,rs10832013,Systolic blood pressure (no ACE),TRUE,reported,hq6Hss
A,G,0.6519,-0.1944,0.0317,8.688e-10,14662722,11,rs2007361,Systolic blood pressure (no ACE),TRUE,reported,hq6Hss
T,C,0.2087,0.5169,0.0373,1.259e-43,16365282,11,rs2014408,Systolic blood pressure (no ACE),TRUE,reported,hq6Hss
A,G,0.316,0.2185,0.0326,2.104e-11,16872440,11,rs366590,Systolic blood pressure (no ACE),TRUE,reported,hq6Hss
A,C,0.6148,-0.3577,0.031,9e-31,17384542,11,rs12146652,Systolic blood pressure (no ACE),TRUE,reported,hq6Hss
T,C,0.3828,0.3194,0.0322,3.832e-23,1874221,11,rs907612,Systolic blood pressure (no ACE),TRUE,reported,hq6Hss
T,G,0.6037,-0.5765,0.0318,1.327e-73,1887068,11,rs569550,Systolic blood pressure (no ACE),TRUE,reported,hq6Hss
A,G,0.914,-0.422,0.0574,1.903e-13,2120298,11,rs74048200,Systolic blood pressure (no ACE),TRUE,reported,hq6Hss
A,G,0.9292,-0.4334,0.0594,2.954e-13,22530162,11,rs1514086,Systolic blood pressure (no ACE),TRUE,reported,hq6Hss
A,G,0.3696,0.192,0.0313,8.687e-10,27266037,11,rs10835148,Systolic blood pressure (no ACE),TRUE,reported,hq6Hss
T,C,0.6994,0.2233,0.0331,1.432e-11,27734420,11,rs962369,Systolic blood pressure (no ACE),TRUE,reported,hq6Hss
A,G,0.3481,0.2336,0.0317,1.648e-13,28512458,11,rs871004,Systolic blood pressure (no ACE),TRUE,reported,hq6Hss
A,C,0.6901,-0.2238,0.0327,7.725e-12,30355707,11,rs11031051,Systolic blood pressure (no ACE),TRUE,reported,hq6Hss
A,G,0.6277,0.1733,0.0315,3.687e-08,31040126,11,rs56334134,Systolic blood pressure (no ACE),TRUE,reported,hq6Hss
C,G,0.6202,-0.2154,0.0314,6.758e-12,32447347,11,rs7110547,Systolic blood pressure (no ACE),TRUE,reported,hq6Hss
T,C,0.1655,-0.2778,0.0411,1.458e-11,45351420,11,rs11604310,Systolic blood pressure (no ACE),TRUE,reported,hq6Hss
A,G,0.4959,-0.4598,0.0301,1.63e-52,47676170,11,rs7107356,Systolic blood pressure (no ACE),TRUE,reported,hq6Hss
A,C,0.7185,0.2149,0.0335,1.499e-10,48058313,11,rs1113480,Systolic blood pressure (no ACE),TRUE,reported,hq6Hss
A,G,0.7712,-0.2598,0.036,4.977e-13,57521122,11,rs11229115,Systolic blood pressure (no ACE),TRUE,reported,hq6Hss
C,G,0.757,0.3296,0.0351,6.555e-21,58407740,11,rs2276153,Systolic blood pressure (no ACE),TRUE,reported,hq6Hss
T,C,0.8817,0.4422,0.0472,7.306e-21,61272565,11,rs7125196,Systolic blood pressure (no ACE),TRUE,reported,hq6Hss
T,C,0.4993,0.2253,0.0303,9.725e-14,63744609,11,rs4980515,Systolic blood pressure (no ACE),TRUE,reported,hq6Hss
T,C,0.0927,0.3264,0.0535,1.073e-09,64021821,11,rs2302263,Systolic blood pressure (no ACE),TRUE,reported,hq6Hss
T,G,0.2045,-0.4358,0.0376,5.243e-31,65405600,11,rs2306363,Systolic blood pressure (no ACE),TRUE,reported,hq6Hss
T,C,0.059,-0.4215,0.0669,2.99e-10,67809268,11,rs36027301,Systolic blood pressure (no ACE),TRUE,reported,hq6Hss
T,G,0.6951,-0.2117,0.0332,1.79e-10,68097826,11,rs314779,Systolic blood pressure (no ACE),TRUE,reported,hq6Hss
T,C,0.5278,0.2276,0.0305,9.081e-14,69262428,11,rs7394746,Systolic blood pressure (no ACE),TRUE,reported,hq6Hss
A,G,0.9015,0.3967,0.0529,6.401e-14,69825414,11,rs72931748,Systolic blood pressure (no ACE),TRUE,reported,hq6Hss
A,G,0.0692,0.4122,0.0607,1.102e-11,72088806,11,rs10501410,Systolic blood pressure (no ACE),TRUE,reported,hq6Hss
A,C,0.3459,0.2271,0.0319,1.047e-12,76125330,11,rs7927515,Systolic blood pressure (no ACE),TRUE,reported,hq6Hss
A,C,0.7969,0.2118,0.0376,1.819e-08,8819808,11,rs3763917,Systolic blood pressure (no ACE),TRUE,reported,hq6Hss
A,G,0.1673,-0.308,0.0415,1.135e-13,89224477,11,rs2289124,Systolic blood pressure (no ACE),TRUE,reported,hq6Hss
A,G,0.9048,0.3268,0.0515,2.161e-10,9793769,11,rs360151,Systolic blood pressure (no ACE),TRUE,reported,hq6Hss
T,C,0.5504,-0.2172,0.0302,6.945e-13,9977971,11,rs7106914,Systolic blood pressure (no ACE),TRUE,reported,hq6Hss
T,C,0.2094,-0.2087,0.038,4.124e-08,99998431,11,rs67885470,Systolic blood pressure (no ACE),TRUE,reported,hq6Hss
T,C,0.2487,-0.2233,0.0349,1.525e-10,102837863,12,rs5742643,Systolic blood pressure (no ACE),TRUE,reported,hq6Hss
A,T,0.9556,0.5092,0.0768,3.343e-11,105871914,12,rs11112548,Systolic blood pressure (no ACE),TRUE,reported,hq6Hss
A,G,0.0765,-0.3924,0.0567,4.429e-12,110406386,12,rs9634314,Systolic blood pressure (no ACE),TRUE,reported,hq6Hss
T,C,0.0802,0.3278,0.0572,9.949e-09,111064605,12,rs61942628,Systolic blood pressure (no ACE),TRUE,reported,hq6Hss
C,G,0.4816,0.585,0.0306,1.318e-81,111865049,12,rs7310615,Systolic blood pressure (no ACE),TRUE,reported,hq6Hss
T,C,0.0237,-0.7082,0.1047,1.312e-11,112380442,12,rs7976260,Systolic blood pressure (no ACE),TRUE,reported,hq6Hss
A,G,0.3004,-0.3456,0.0327,4.129e-26,115359424,12,rs7977406,Systolic blood pressure (no ACE),TRUE,reported,hq6Hss
A,G,0.6138,0.4368,0.031,3.467e-45,115552437,12,rs35444,Systolic blood pressure (no ACE),TRUE,reported,hq6Hss
A,G,0.3796,-0.2897,0.0309,6.612e-21,115920472,12,rs6490019,Systolic blood pressure (no ACE),TRUE,reported,hq6Hss
A,T,0.1015,-0.3166,0.0498,2.032e-10,116204658,12,rs6490036,Systolic blood pressure (no ACE),TRUE,reported,hq6Hss
A,G,0.1522,-0.2338,0.0423,3.178e-08,121472167,12,rs12368199,Systolic blood pressure (no ACE),TRUE,reported,hq6Hss
C,G,0.6879,-0.1971,0.0327,1.677e-09,122416254,12,rs1169078,Systolic blood pressure (no ACE),TRUE,reported,hq6Hss
A,G,0.8713,-0.29,0.0476,1.083e-09,122511116,12,rs35754956,Systolic blood pressure (no ACE),TRUE,reported,hq6Hss
T,G,0.64,0.2429,0.0314,1.032e-14,12626050,12,rs2417189,Systolic blood pressure (no ACE),TRUE,reported,hq6Hss
A,T,0.424,-0.2642,0.0306,5.876e-18,12888438,12,rs2024385,Systolic blood pressure (no ACE),TRUE,reported,hq6Hss
T,C,0.1108,0.3154,0.0499,2.664e-10,133086888,12,rs117206641,Systolic blood pressure (no ACE),TRUE,reported,hq6Hss
A,G,0.1151,-0.2976,0.0482,6.468e-10,13860990,12,rs28621435,Systolic blood pressure (no ACE),TRUE,reported,hq6Hss
T,C,0.0922,0.2991,0.0523,1.054e-08,19878891,12,rs11044793,Systolic blood pressure (no ACE),TRUE,reported,hq6Hss
A,C,0.1834,-0.3605,0.0389,1.753e-20,20007597,12,rs1465091,Systolic blood pressure (no ACE),TRUE,reported,hq6Hss
T,C,0.7297,0.2915,0.034,1.055e-17,20154266,12,rs10743348,Systolic blood pressure (no ACE),TRUE,reported,hq6Hss
A,G,0.6654,0.3962,0.0321,5.521e-35,20373541,12,rs73075659,Systolic blood pressure (no ACE),TRUE,reported,hq6Hss
T,C,0.2052,-0.249,0.0379,4.971e-11,20586395,12,rs10841520,Systolic blood pressure (no ACE),TRUE,reported,hq6Hss
A,G,0.6817,0.2082,0.0322,9.577e-11,2434419,12,rs2239046,Systolic blood pressure (no ACE),TRUE,reported,hq6Hss
T,C,0.7524,-0.2517,0.0349,5.167e-13,26467696,12,rs4963661,Systolic blood pressure (no ACE),TRUE,reported,hq6Hss
A,G,0.5423,-0.1969,0.0303,8.205e-11,27321112,12,rs1098708,Systolic blood pressure (no ACE),TRUE,reported,hq6Hss
C,G,0.7443,-0.2449,0.0346,1.479e-12,434755,12,rs78998485,Systolic blood pressure (no ACE),TRUE,reported,hq6Hss
C,G,0.3792,0.1963,0.0311,2.968e-10,48144520,12,rs61917619,Systolic blood pressure (no ACE),TRUE,reported,hq6Hss
T,G,0.2345,-0.2793,0.0357,5.398e-15,48209165,12,rs11168250,Systolic blood pressure (no ACE),TRUE,reported,hq6Hss
A,T,0.0376,0.5558,0.0841,3.828e-11,48254353,12,rs117913411,Systolic blood pressure (no ACE),TRUE,reported,hq6Hss
A,G,0.788,-0.2932,0.0369,1.952e-15,48698518,12,rs4760701,Systolic blood pressure (no ACE),TRUE,reported,hq6Hss
C,G,0.0217,0.9406,0.1122,5.198e-17,49209340,12,rs150857355,Systolic blood pressure (no ACE),TRUE,reported,hq6Hss
A,G,0.0191,-0.7158,0.1219,4.279e-09,49389410,12,rs10875907,Systolic blood pressure (no ACE),TRUE,reported,hq6Hss
C,G,0.0843,-0.3291,0.0543,1.398e-09,50088747,12,rs60121503,Systolic blood pressure (no ACE),TRUE,reported,hq6Hss
A,G,0.3792,0.3775,0.0309,2.314e-34,50573037,12,rs12426261,Systolic blood pressure (no ACE),TRUE,reported,hq6Hss
A,G,0.0825,0.4804,0.0558,7.353e-18,53449321,12,rs7315980,Systolic blood pressure (no ACE),TRUE,reported,hq6Hss
T,C,0.2274,-0.2164,0.0396,4.642e-08,53451952,12,rs2280446,Systolic blood pressure (no ACE),TRUE,reported,hq6Hss
T,C,0.2978,-0.3851,0.0332,4.456e-31,54441498,12,rs7134677,Systolic blood pressure (no ACE),TRUE,reported,hq6Hss
A,G,0.9069,-0.4101,0.0534,1.599e-14,58003922,12,rs10437954,Systolic blood pressure (no ACE),TRUE,reported,hq6Hss
T,C,0.481,-0.2429,0.0303,1.025e-15,66376091,12,rs7306710,Systolic blood pressure (no ACE),TRUE,reported,hq6Hss
T,C,0.2409,0.2187,0.0352,5.104e-10,67782397,12,rs4143175,Systolic blood pressure (no ACE),TRUE,reported,hq6Hss
T,G,0.655,-0.1895,0.0315,1.788e-09,69997422,12,rs61929307,Systolic blood pressure (no ACE),TRUE,reported,hq6Hss
A,G,0.4946,-0.1701,0.0302,1.874e-08,70371985,12,rs1688790,Systolic blood pressure (no ACE),TRUE,reported,hq6Hss
T,C,0.4221,-0.2362,0.0311,2.873e-14,79685226,12,rs7963801,Systolic blood pressure (no ACE),TRUE,reported,hq6Hss
A,G,0.1661,0.265,0.0404,5.571e-11,79955306,12,rs6539467,Systolic blood pressure (no ACE),TRUE,reported,hq6Hss
A,G,0.0193,0.8654,0.1239,2.88e-12,89932434,12,rs143285018,Systolic blood pressure (no ACE),TRUE,reported,hq6Hss
A,G,0.1683,-0.8446,0.0403,1.25e-97,90060586,12,rs17249754,Systolic blood pressure (no ACE),TRUE,reported,hq6Hss
T,C,0.5214,0.2174,0.03,4.591e-13,90310869,12,rs6538211,Systolic blood pressure (no ACE),TRUE,reported,hq6Hss
T,C,0.2305,0.2915,0.0362,7.911e-16,113636156,13,rs9549328,Systolic blood pressure (no ACE),TRUE,reported,hq6Hss
T,G,0.1491,0.4101,0.0423,3.352e-22,115000650,13,rs7331680,Systolic blood pressure (no ACE),TRUE,reported,hq6Hss
T,C,0.1221,0.2909,0.0467,4.69e-10,21559858,13,rs2480171,Systolic blood pressure (no ACE),TRUE,reported,hq6Hss
A,G,0.6163,0.2704,0.0311,3.232e-18,22298923,13,rs606950,Systolic blood pressure (no ACE),TRUE,reported,hq6Hss
T,G,0.1206,0.2805,0.0468,2.07e-09,25255212,13,rs61948066,Systolic blood pressure (no ACE),TRUE,reported,hq6Hss
T,G,0.2703,0.2043,0.0338,1.493e-09,27115424,13,rs1331012,Systolic blood pressure (no ACE),TRUE,reported,hq6Hss
A,G,0.0517,-0.4297,0.0739,6.194e-09,27934938,13,rs9512650,Systolic blood pressure (no ACE),TRUE,reported,hq6Hss
T,C,0.2448,0.3552,0.0352,7.016e-24,30137828,13,rs7338758,Systolic blood pressure (no ACE),TRUE,reported,hq6Hss
A,C,0.4839,0.2241,0.03,8.169e-14,32191408,13,rs9532243,Systolic blood pressure (no ACE),TRUE,reported,hq6Hss
T,G,0.1706,-0.2934,0.0403,3.359e-13,41893105,13,rs2065498,Systolic blood pressure (no ACE),TRUE,reported,hq6Hss
A,C,0.8909,-0.2766,0.0483,1.043e-08,42738672,13,rs73187288,Systolic blood pressure (no ACE),TRUE,reported,hq6Hss
T,G,0.7594,0.234,0.0351,2.471e-11,47189928,13,rs912434,Systolic blood pressure (no ACE),TRUE,reported,hq6Hss
A,G,0.3216,-0.2039,0.0323,2.768e-10,51489186,13,rs9526707,Systolic blood pressure (no ACE),TRUE,reported,hq6Hss
A,G,0.1534,0.2659,0.0418,1.945e-10,56398286,13,rs75961402,Systolic blood pressure (no ACE),TRUE,reported,hq6Hss
A,C,0.6267,-0.1899,0.0312,1.152e-09,73131694,13,rs17245822,Systolic blood pressure (no ACE),TRUE,reported,hq6Hss
A,G,0.9552,-0.4699,0.0734,1.512e-10,73826901,13,rs78474310,Systolic blood pressure (no ACE),TRUE,reported,hq6Hss
A,G,0.4589,0.178,0.0304,4.955e-09,74223828,13,rs6562778,Systolic blood pressure (no ACE),TRUE,reported,hq6Hss
A,C,0.2297,-0.2124,0.0365,6.163e-09,80707408,13,rs1215469,Systolic blood pressure (no ACE),TRUE,reported,hq6Hss
T,C,0.5459,0.2128,0.031,6.314e-12,100139434,14,rs12050196,Systolic blood pressure (no ACE),TRUE,reported,hq6Hss
T,C,0.1423,-0.2513,0.0439,1.047e-08,100197940,14,rs75016974,Systolic blood pressure (no ACE),TRUE,reported,hq6Hss
T,C,0.1324,-0.3339,0.0444,5.228e-14,103859962,14,rs8014182,Systolic blood pressure (no ACE),TRUE,reported,hq6Hss
T,C,0.4885,0.1875,0.0314,2.397e-09,23607271,14,rs1569951,Systolic blood pressure (no ACE),TRUE,reported,hq6Hss
T,C,0.0137,0.8148,0.1411,7.783e-09,23855511,14,rs28730765,Systolic blood pressure (no ACE),TRUE,reported,hq6Hss
A,G,0.6342,0.225,0.0312,5.952e-13,23861811,14,rs365990,Systolic blood pressure (no ACE),TRUE,reported,hq6Hss
T,C,0.3967,0.1775,0.0307,7.386e-09,30122409,14,rs17115145,Systolic blood pressure (no ACE),TRUE,reported,hq6Hss
T,C,0.5235,-0.1668,0.03,2.644e-08,31381351,14,rs2273171,Systolic blood pressure (no ACE),TRUE,reported,hq6Hss
A,G,0.3678,0.3061,0.0314,1.713e-22,35871217,14,rs8904,Systolic blood pressure (no ACE),TRUE,reported,hq6Hss
T,C,0.0342,-0.538,0.0903,2.595e-09,35901867,14,rs12147633,Systolic blood pressure (no ACE),TRUE,reported,hq6Hss
A,G,0.6028,-0.2056,0.0307,2.055e-11,39858442,14,rs34983854,Systolic blood pressure (no ACE),TRUE,reported,hq6Hss
T,C,0.9788,0.9587,0.1101,3.08e-18,50735947,14,rs72683923,Systolic blood pressure (no ACE),TRUE,reported,hq6Hss
A,G,0.1096,-0.3074,0.0481,1.714e-10,53318434,14,rs2357945,Systolic blood pressure (no ACE),TRUE,reported,hq6Hss
A,G,0.6946,-0.3002,0.0328,5.25e-20,53420358,14,rs35413927,Systolic blood pressure (no ACE),TRUE,reported,hq6Hss
C,G,0.8268,0.2415,0.0398,1.298e-09,68018247,14,rs57140819,Systolic blood pressure (no ACE),TRUE,reported,hq6Hss
C,G,0.7834,-0.2272,0.0364,4.443e-10,69259406,14,rs11847049,Systolic blood pressure (no ACE),TRUE,reported,hq6Hss
T,G,0.561,0.186,0.0303,8.586e-10,70456664,14,rs227426,Systolic blood pressure (no ACE),TRUE,reported,hq6Hss
A,G,0.3447,-0.1755,0.0319,3.599e-08,71451265,14,rs8003103,Systolic blood pressure (no ACE),TRUE,reported,hq6Hss
A,G,0.7439,0.2095,0.0343,1.022e-09,72462381,14,rs11623535,Systolic blood pressure (no ACE),TRUE,reported,hq6Hss
C,G,0.8976,-0.285,0.05,1.208e-08,73422259,14,rs3815460,Systolic blood pressure (no ACE),TRUE,reported,hq6Hss
A,G,0.4615,0.1978,0.0303,6.792e-11,75074316,14,rs11159091,Systolic blood pressure (no ACE),TRUE,reported,hq6Hss
T,G,0.3723,-0.1945,0.0313,5.362e-10,94466910,14,rs7156903,Systolic blood pressure (no ACE),TRUE,reported,hq6Hss
A,G,0.385,0.253,0.0309,2.721e-16,98590629,14,rs7154723,Systolic blood pressure (no ACE),TRUE,reported,hq6Hss
A,C,0.1705,-0.2728,0.0403,1.266e-11,100145224,15,rs4965529,Systolic blood pressure (no ACE),TRUE,reported,hq6Hss
A,G,0.5287,0.2297,0.0301,2.255e-14,40317075,15,rs11629850,Systolic blood pressure (no ACE),TRUE,reported,hq6Hss
T,G,0.5263,-0.2762,0.0302,5.453e-20,41442195,15,rs28866311,Systolic blood pressure (no ACE),TRUE,reported,hq6Hss
A,C,0.6561,-0.2066,0.0322,1.498e-10,41898885,15,rs28708888,Systolic blood pressure (no ACE),TRUE,reported,hq6Hss
T,G,0.0945,-0.4162,0.0517,7.757e-16,48939888,15,rs4775769,Systolic blood pressure (no ACE),TRUE,reported,hq6Hss
T,C,0.5156,-0.2422,0.0303,1.411e-15,50810621,15,rs3098186,Systolic blood pressure (no ACE),TRUE,reported,hq6Hss
A,G,0.2257,-0.1999,0.0358,2.382e-08,53907948,15,rs17730281,Systolic blood pressure (no ACE),TRUE,reported,hq6Hss
T,C,0.7544,-0.2516,0.0353,1.027e-12,63406170,15,rs2652812,Systolic blood pressure (no ACE),TRUE,reported,hq6Hss
A,G,0.4398,0.2011,0.0302,2.869e-11,66937421,15,rs7165200,Systolic blood pressure (no ACE),TRUE,reported,hq6Hss
T,G,0.1594,0.2438,0.0412,3.277e-09,74223646,15,rs74026308,Systolic blood pressure (no ACE),TRUE,reported,hq6Hss
T,C,0.3141,0.5313,0.0328,4.224e-59,75114322,15,rs11636952,Systolic blood pressure (no ACE),TRUE,reported,hq6Hss
A,G,0.5306,-0.3327,0.0302,2.79e-28,81042816,15,rs2627316,Systolic blood pressure (no ACE),TRUE,reported,hq6Hss
A,C,0.1669,0.293,0.0404,4.201e-13,85680532,15,rs3743157,Systolic blood pressure (no ACE),TRUE,reported,hq6Hss
C,G,0.5035,0.222,0.0302,1.958e-13,86295286,15,rs11632436,Systolic blood pressure (no ACE),TRUE,reported,hq6Hss
A,G,0.1489,-0.2842,0.0431,4.451e-11,90027296,15,rs78550103,Systolic blood pressure (no ACE),TRUE,reported,hq6Hss
A,T,0.0947,0.301,0.0543,3.005e-08,90645821,15,rs17523637,Systolic blood pressure (no ACE),TRUE,reported,hq6Hss
A,C,0.6742,-0.635,0.0328,2.49e-83,91429287,15,rs4932373,Systolic blood pressure (no ACE),TRUE,reported,hq6Hss
A,G,0.0582,-0.381,0.066,7.759e-09,91568020,15,rs113006694,Systolic blood pressure (no ACE),TRUE,reported,hq6Hss
T,C,0.5896,-0.1924,0.0309,4.583e-10,93222897,15,rs11074093,Systolic blood pressure (no ACE),TRUE,reported,hq6Hss
T,C,0.676,-0.2653,0.0325,3.277e-16,95312071,15,rs12906962,Systolic blood pressure (no ACE),TRUE,reported,hq6Hss
T,C,0.2107,0.2498,0.0368,1.17e-11,96767312,15,rs2246754,Systolic blood pressure (no ACE),TRUE,reported,hq6Hss
T,C,0.3464,0.1823,0.0318,9.596e-09,98338524,15,rs12901664,Systolic blood pressure (no ACE),TRUE,reported,hq6Hss
A,C,0.6323,-0.1824,0.0313,5.994e-09,11945778,16,rs7198817,Systolic blood pressure (no ACE),TRUE,reported,hq6Hss
A,C,0.5995,-0.1943,0.0309,3.26e-10,1347717,16,rs11641374,Systolic blood pressure (no ACE),TRUE,reported,hq6Hss
A,G,0.3187,-0.2065,0.0322,1.364e-10,15910743,16,rs3915499,Systolic blood pressure (no ACE),TRUE,reported,hq6Hss
A,G,0.1986,-0.4081,0.039,1.123e-25,20392332,16,rs77924615,Systolic blood pressure (no ACE),TRUE,reported,hq6Hss
A,T,0.6597,-0.2709,0.0332,3.365e-16,2080653,16,rs28590346,Systolic blood pressure (no ACE),TRUE,reported,hq6Hss
T,C,0.4295,-0.2315,0.0302,1.882e-14,21088031,16,rs7186298,Systolic blood pressure (no ACE),TRUE,reported,hq6Hss
A,G,0.1935,-0.3272,0.0381,8.788e-18,24801737,16,rs6497759,Systolic blood pressure (no ACE),TRUE,reported,hq6Hss
A,C,0.1121,-0.2882,0.0484,2.566e-09,30111904,16,rs6565174,Systolic blood pressure (no ACE),TRUE,reported,hq6Hss
C,G,0.7304,-0.2678,0.0342,4.482e-15,3538873,16,rs2379829,Systolic blood pressure (no ACE),TRUE,reported,hq6Hss
C,G,0.1059,-0.3271,0.0489,2.248e-11,4140231,16,rs7203473,Systolic blood pressure (no ACE),TRUE,reported,hq6Hss
A,G,0.2363,0.2021,0.0354,1.179e-08,4459834,16,rs7204624,Systolic blood pressure (no ACE),TRUE,reported,hq6Hss
T,G,0.9197,0.3697,0.0611,1.434e-09,4678547,16,rs80100774,Systolic blood pressure (no ACE),TRUE,reported,hq6Hss
T,C,0.4274,-0.3003,0.0302,2.97e-23,4922201,16,rs12446456,Systolic blood pressure (no ACE),TRUE,reported,hq6Hss
A,C,0.5688,-0.1868,0.0305,9.383e-10,49768046,16,rs10468291,Systolic blood pressure (no ACE),TRUE,reported,hq6Hss
A,G,0.1498,-0.3225,0.0425,3.234e-14,50550137,16,rs34941092,Systolic blood pressure (no ACE),TRUE,reported,hq6Hss
T,G,0.0985,0.332,0.0509,6.616e-11,51565828,16,rs62039771,Systolic blood pressure (no ACE),TRUE,reported,hq6Hss
A,G,0.6281,-0.2197,0.0312,1.844e-12,51757242,16,rs34869093,Systolic blood pressure (no ACE),TRUE,reported,hq6Hss
T,C,0.7484,0.216,0.0345,4.058e-10,60652439,16,rs2060664,Systolic blood pressure (no ACE),TRUE,reported,hq6Hss
T,G,0.57,0.1803,0.0302,2.278e-09,65270392,16,rs4496141,Systolic blood pressure (no ACE),TRUE,reported,hq6Hss
T,C,0.8997,-0.3399,0.0506,1.909e-11,66934153,16,rs3843712,Systolic blood pressure (no ACE),TRUE,reported,hq6Hss
A,G,0.0633,0.5877,0.0684,8.565e-18,69789516,16,rs12149704,Systolic blood pressure (no ACE),TRUE,reported,hq6Hss
T,C,0.6786,0.2306,0.0339,9.676e-12,73100308,16,rs6416749,Systolic blood pressure (no ACE),TRUE,reported,hq6Hss
C,G,0.4752,-0.192,0.0302,1.95e-10,74171973,16,rs1012089,Systolic blood pressure (no ACE),TRUE,reported,hq6Hss
A,G,0.5855,0.3653,0.0307,1.415e-32,75432824,16,rs4888408,Systolic blood pressure (no ACE),TRUE,reported,hq6Hss
A,G,0.0713,-0.4547,0.059,1.27e-14,80861676,16,rs2549732,Systolic blood pressure (no ACE),TRUE,reported,hq6Hss
T,C,0.2792,-0.277,0.0335,1.277e-16,81510742,16,rs10493891,Systolic blood pressure (no ACE),TRUE,reported,hq6Hss
T,G,0.4233,-0.2212,0.0304,3.352e-13,81609598,16,rs7196195,Systolic blood pressure (no ACE),TRUE,reported,hq6Hss
A,G,0.7467,0.2227,0.035,1.978e-10,83045790,16,rs7500448,Systolic blood pressure (no ACE),TRUE,reported,hq6Hss
A,G,0.334,-0.1914,0.0341,1.961e-08,85318295,16,rs7187869,Systolic blood pressure (no ACE),TRUE,reported,hq6Hss
A,G,0.4738,-0.1683,0.0301,2.293e-08,86172857,16,rs11862847,Systolic blood pressure (no ACE),TRUE,reported,hq6Hss
C,G,0.5693,0.1918,0.0309,5.399e-10,86437811,16,rs3851018,Systolic blood pressure (no ACE),TRUE,reported,hq6Hss
T,G,0.3411,0.2042,0.0317,1.212e-10,87993889,16,rs6540125,Systolic blood pressure (no ACE),TRUE,reported,hq6Hss
T,C,0.4378,-0.2261,0.0315,7.135e-13,89697625,16,rs908951,Systolic blood pressure (no ACE),TRUE,reported,hq6Hss
T,C,0.4377,0.2431,0.0314,1.067e-14,1337960,17,rs11650511,Systolic blood pressure (no ACE),TRUE,reported,hq6Hss
A,G,0.297,0.1872,0.0332,1.761e-08,17715101,17,rs11868035,Systolic blood pressure (no ACE),TRUE,reported,hq6Hss
A,G,0.4246,0.2174,0.0305,9.655e-13,18185510,17,rs4925159,Systolic blood pressure (no ACE),TRUE,reported,hq6Hss
T,C,0.3652,0.3156,0.0316,1.845e-23,1958609,17,rs4480845,Systolic blood pressure (no ACE),TRUE,reported,hq6Hss
A,G,0.4831,-0.1781,0.0303,4.379e-09,19926836,17,rs7218708,Systolic blood pressure (no ACE),TRUE,reported,hq6Hss
A,G,0.4761,-0.1694,0.0301,1.94e-08,26694861,17,rs704,Systolic blood pressure (no ACE),TRUE,reported,hq6Hss
T,C,0.2334,0.2098,0.0356,3.886e-09,30032420,17,rs1551355,Systolic blood pressure (no ACE),TRUE,reported,hq6Hss
A,T,0.3999,0.2011,0.0316,1.865e-10,30777924,17,rs9899540,Systolic blood pressure (no ACE),TRUE,reported,hq6Hss
A,G,0.938,0.3742,0.0663,1.674e-08,40801187,17,rs4793069,Systolic blood pressure (no ACE),TRUE,reported,hq6Hss
A,G,0.655,-0.4,0.0315,6.24e-37,43155914,17,rs7213273,Systolic blood pressure (no ACE),TRUE,reported,hq6Hss
T,C,0.8555,-0.6903,0.0433,2.479e-57,45013271,17,rs17608766,Systolic blood pressure (no ACE),TRUE,reported,hq6Hss
A,G,0.3365,-0.1842,0.0324,1.378e-08,45794706,17,rs1808192,Systolic blood pressure (no ACE),TRUE,reported,hq6Hss
A,T,0.8363,-0.3589,0.0408,1.399e-18,45932303,17,rs11651698,Systolic blood pressure (no ACE),TRUE,reported,hq6Hss
A,G,0.2085,-0.2648,0.0369,6.85e-13,46154669,17,rs9747001,Systolic blood pressure (no ACE),TRUE,reported,hq6Hss
T,C,0.0884,-0.4347,0.0533,3.387e-16,46688256,17,rs7406910,Systolic blood pressure (no ACE),TRUE,reported,hq6Hss
A,G,0.1752,0.298,0.0403,1.401e-13,46824674,17,rs79917357,Systolic blood pressure (no ACE),TRUE,reported,hq6Hss
A,G,0.5323,0.1973,0.0301,5.203e-11,46971140,17,rs519537,Systolic blood pressure (no ACE),TRUE,reported,hq6Hss
C,G,0.3312,0.3099,0.0321,5.226e-22,47509486,17,rs12944684,Systolic blood pressure (no ACE),TRUE,reported,hq6Hss
A,G,0.338,0.2193,0.032,6.848e-12,56732304,17,rs2611774,Systolic blood pressure (no ACE),TRUE,reported,hq6Hss
T,C,0.2262,0.1993,0.0363,4.089e-08,568515,17,rs71355297,Systolic blood pressure (no ACE),TRUE,reported,hq6Hss
A,G,0.181,0.2552,0.0399,1.527e-10,59087808,17,rs9652858,Systolic blood pressure (no ACE),TRUE,reported,hq6Hss
T,C,0.7316,0.4138,0.0346,6.501e-33,59475642,17,rs1000423,Systolic blood pressure (no ACE),TRUE,reported,hq6Hss
A,G,0.5831,-0.2178,0.031,2.011e-12,60767135,17,rs56288724,Systolic blood pressure (no ACE),TRUE,reported,hq6Hss
A,G,0.8013,0.2363,0.0377,3.785e-10,61090958,17,rs62076622,Systolic blood pressure (no ACE),TRUE,reported,hq6Hss
T,C,0.4182,-0.2982,0.0312,1.248e-21,62381714,17,rs6504213,Systolic blood pressure (no ACE),TRUE,reported,hq6Hss
A,G,0.4164,0.2221,0.0307,4.61e-13,6470598,17,rs2009598,Systolic blood pressure (no ACE),TRUE,reported,hq6Hss
T,C,0.5525,0.3249,0.0307,3.803e-26,7171356,17,rs113086489,Systolic blood pressure (no ACE),TRUE,reported,hq6Hss
A,G,0.2237,-0.2515,0.0361,3.432e-12,73934130,17,rs2608882,Systolic blood pressure (no ACE),TRUE,reported,hq6Hss
T,C,0.6528,-0.2881,0.0318,1.279e-19,7455536,17,rs4511593,Systolic blood pressure (no ACE),TRUE,reported,hq6Hss
A,G,0.6367,0.3119,0.0315,4.727e-23,75316880,17,rs1436138,Systolic blood pressure (no ACE),TRUE,reported,hq6Hss
T,C,0.1096,-0.3287,0.0514,1.673e-10,75398498,17,rs34587622,Systolic blood pressure (no ACE),TRUE,reported,hq6Hss
A,G,0.4452,0.2242,0.0302,1.034e-13,76799898,17,rs9302885,Systolic blood pressure (no ACE),TRUE,reported,hq6Hss
T,C,0.9186,0.494,0.0576,9.884e-18,7740170,17,rs62059712,Systolic blood pressure (no ACE),TRUE,reported,hq6Hss
A,C,0.0724,0.3872,0.0599,1.005e-10,7790048,17,rs55752997,Systolic blood pressure (no ACE),TRUE,reported,hq6Hss
T,C,0.3579,-0.2033,0.0333,1.086e-09,79365861,17,rs11655604,Systolic blood pressure (no ACE),TRUE,reported,hq6Hss
A,T,0.2773,-0.1884,0.0345,4.689e-08,22676071,18,rs62082230,Systolic blood pressure (no ACE),TRUE,reported,hq6Hss
T,G,0.3963,-0.2031,0.0306,3.274e-11,24546824,18,rs1154214,Systolic blood pressure (no ACE),TRUE,reported,hq6Hss
T,C,0.2687,0.3603,0.034,2.781e-26,42179819,18,rs56407827,Systolic blood pressure (no ACE),TRUE,reported,hq6Hss
T,C,0.2963,0.2856,0.0328,3.225e-18,42596789,18,rs11874246,Systolic blood pressure (no ACE),TRUE,reported,hq6Hss
T,C,0.8261,0.2416,0.0395,1.002e-09,42760200,18,rs75497489,Systolic blood pressure (no ACE),TRUE,reported,hq6Hss
T,C,0.8219,-0.3499,0.0395,7.856e-19,43092380,18,rs1421203,Systolic blood pressure (no ACE),TRUE,reported,hq6Hss
T,G,0.5977,-0.2013,0.0307,5.116e-11,48167237,18,rs3894010,Systolic blood pressure (no ACE),TRUE,reported,hq6Hss
T,C,0.1389,-0.2953,0.0437,1.338e-11,48287818,18,rs11872627,Systolic blood pressure (no ACE),TRUE,reported,hq6Hss
A,G,0.6919,-0.213,0.0334,1.823e-10,48799991,18,rs11876341,Systolic blood pressure (no ACE),TRUE,reported,hq6Hss
T,C,0.1038,-0.2872,0.0497,7.439e-09,51866974,18,rs1657880,Systolic blood pressure (no ACE),TRUE,reported,hq6Hss
T,G,0.8264,-0.2236,0.0396,1.672e-08,53210302,18,rs613872,Systolic blood pressure (no ACE),TRUE,reported,hq6Hss
T,C,0.3701,-0.2607,0.0317,1.907e-16,54578482,18,rs10048404,Systolic blood pressure (no ACE),TRUE,reported,hq6Hss
T,C,0.7661,0.2242,0.0357,3.33e-10,57829135,18,rs6567160,Systolic blood pressure (no ACE),TRUE,reported,hq6Hss
T,C,0.6229,0.1908,0.0328,5.816e-09,60845884,18,rs12454712,Systolic blood pressure (no ACE),TRUE,reported,hq6Hss
A,G,0.4801,0.2141,0.0301,1.12e-12,73034151,18,rs10460108,Systolic blood pressure (no ACE),TRUE,reported,hq6Hss
A,T,0.1822,-0.3531,0.0393,2.469e-19,777282,18,rs34413141,Systolic blood pressure (no ACE),TRUE,reported,hq6Hss
T,C,0.5904,-0.3077,0.0313,8.103e-23,10332988,19,rs10409243,Systolic blood pressure (no ACE),TRUE,reported,hq6Hss
A,G,0.081,0.4079,0.0568,6.826e-13,11287001,19,rs74179970,Systolic blood pressure (no ACE),TRUE,reported,hq6Hss
T,C,0.0379,0.5919,0.0888,2.625e-11,11442560,19,rs59296210,Systolic blood pressure (no ACE),TRUE,reported,hq6Hss
T,G,0.4726,-0.5642,0.0327,7.209e-67,11526765,19,rs167479,Systolic blood pressure (no ACE),TRUE,reported,hq6Hss
T,C,0.0439,-0.4519,0.0741,1.07e-09,11584818,19,rs17638167,Systolic blood pressure (no ACE),TRUE,reported,hq6Hss
A,G,0.421,0.1871,0.0325,8.902e-09,1424888,19,rs698748,Systolic blood pressure (no ACE),TRUE,reported,hq6Hss
A,G,0.2615,0.2763,0.0344,1.048e-15,17219105,19,rs7246865,Systolic blood pressure (no ACE),TRUE,reported,hq6Hss
A,G,0.2135,-0.2224,0.0374,2.83e-09,1819736,19,rs749109,Systolic blood pressure (no ACE),TRUE,reported,hq6Hss
A,G,0.2623,-0.22,0.0345,1.793e-10,18455444,19,rs34518929,Systolic blood pressure (no ACE),TRUE,reported,hq6Hss
A,G,0.9622,-0.5424,0.0868,4.129e-10,19800289,19,rs143333049,Systolic blood pressure (no ACE),TRUE,reported,hq6Hss
T,G,0.9354,-0.6889,0.0634,1.555e-27,2177625,19,rs55678414,Systolic blood pressure (no ACE),TRUE,reported,hq6Hss
T,C,0.5606,0.1694,0.0308,3.769e-08,21924452,19,rs4319878,Systolic blood pressure (no ACE),TRUE,reported,hq6Hss
A,G,0.2828,0.2012,0.0334,1.787e-09,22111366,19,rs1848994,Systolic blood pressure (no ACE),TRUE,reported,hq6Hss
A,T,0.7767,0.2307,0.0363,2.117e-10,30100319,19,rs3786516,Systolic blood pressure (no ACE),TRUE,reported,hq6Hss
C,G,0.9355,0.3395,0.0619,4.143e-08,30350005,19,rs60138042,Systolic blood pressure (no ACE),TRUE,reported,hq6Hss
A,C,0.6023,-0.2733,0.0308,6.34e-19,31867447,19,rs28572357,Systolic blood pressure (no ACE),TRUE,reported,hq6Hss
T,C,0.6906,-0.228,0.0326,2.655e-12,32591878,19,rs1433121,Systolic blood pressure (no ACE),TRUE,reported,hq6Hss
A,G,0.3122,0.1955,0.0324,1.532e-09,33889593,19,rs7256564,Systolic blood pressure (no ACE),TRUE,reported,hq6Hss
A,C,0.4075,0.1675,0.0306,4.501e-08,37855839,19,rs256741,Systolic blood pressure (no ACE),TRUE,reported,hq6Hss
T,C,0.0819,-0.4339,0.0574,4.043e-14,45412079,19,rs7412,Systolic blood pressure (no ACE),TRUE,reported,hq6Hss
A,G,0.2574,0.2306,0.0345,2.441e-11,45766729,19,rs7255933,Systolic blood pressure (no ACE),TRUE,reported,hq6Hss
A,G,0.65,0.2046,0.0318,1.161e-10,46358425,19,rs7250497,Systolic blood pressure (no ACE),TRUE,reported,hq6Hss
T,C,0.5196,0.228,0.0304,6.765e-14,49207554,19,rs571689,Systolic blood pressure (no ACE),TRUE,reported,hq6Hss
A,G,0.1588,-0.3554,0.0426,7.234e-17,49605705,19,rs73046792,Systolic blood pressure (no ACE),TRUE,reported,hq6Hss
A,G,0.4747,-0.2353,0.0301,5.324e-15,5066330,19,rs2613765,Systolic blood pressure (no ACE),TRUE,reported,hq6Hss
T,G,0.3208,-0.2536,0.0323,4.166e-15,7230675,19,rs12971628,Systolic blood pressure (no ACE),TRUE,reported,hq6Hss
C,G,0.8759,0.845,0.049,1.228e-66,7257990,19,rs12978472,Systolic blood pressure (no ACE),TRUE,reported,hq6Hss
A,G,0.2086,0.3316,0.0397,7.196e-17,7295991,19,rs12462548,Systolic blood pressure (no ACE),TRUE,reported,hq6Hss
A,C,0.2371,-0.2508,0.0354,1.38e-12,7508099,19,rs12982630,Systolic blood pressure (no ACE),TRUE,reported,hq6Hss
C,G,0.0937,-0.2928,0.0522,2.069e-08,106126438,2,rs72819754,Systolic blood pressure (no ACE),TRUE,reported,hq6Hss
T,C,0.296,-0.2142,0.033,8.062e-11,112744260,2,rs10207726,Systolic blood pressure (no ACE),TRUE,reported,hq6Hss
A,G,0.7782,0.2348,0.0364,1.129e-10,114083120,2,rs6737318,Systolic blood pressure (no ACE),TRUE,reported,hq6Hss
T,C,0.8609,0.2531,0.0438,7.61e-09,122000745,2,rs6723509,Systolic blood pressure (no ACE),TRUE,reported,hq6Hss
T,C,0.7441,-0.1912,0.0346,3.241e-08,124885328,2,rs4456714,Systolic blood pressure (no ACE),TRUE,reported,hq6Hss
A,G,0.8065,0.2274,0.0392,6.351e-09,135630498,2,rs17257081,Systolic blood pressure (no ACE),TRUE,reported,hq6Hss
A,C,0.7023,-0.1843,0.0333,3.055e-08,144146311,2,rs7606205,Systolic blood pressure (no ACE),TRUE,reported,hq6Hss
A,G,0.7632,-0.2613,0.0355,1.792e-13,145726621,2,rs55944332,Systolic blood pressure (no ACE),TRUE,reported,hq6Hss
T,C,0.5555,0.1901,0.0303,3.741e-10,146897539,2,rs62169534,Systolic blood pressure (no ACE),TRUE,reported,hq6Hss
A,T,0.188,-0.2116,0.0387,4.62e-08,148800857,2,rs1234422,Systolic blood pressure (no ACE),TRUE,reported,hq6Hss
T,G,0.0947,-0.3358,0.0521,1.153e-10,162278233,2,rs55732192,Systolic blood pressure (no ACE),TRUE,reported,hq6Hss
A,T,0.1083,0.3354,0.0497,1.498e-11,164463486,2,rs59950510,Systolic blood pressure (no ACE),TRUE,reported,hq6Hss
A,G,0.6522,0.2613,0.0316,1.375e-16,164851856,2,rs3910508,Systolic blood pressure (no ACE),TRUE,reported,hq6Hss
C,G,0.4549,-0.514,0.0304,4.202e-64,165008166,2,rs73029563,Systolic blood pressure (no ACE),TRUE,reported,hq6Hss
T,C,0.7671,0.2041,0.0359,1.366e-08,165558252,2,rs12692738,Systolic blood pressure (no ACE),TRUE,reported,hq6Hss
T,G,0.5288,-0.1862,0.0301,6.562e-10,174977976,2,rs10048760,Systolic blood pressure (no ACE),TRUE,reported,hq6Hss
C,G,0.8099,-0.292,0.0388,5.376e-14,175529967,2,rs72914576,Systolic blood pressure (no ACE),TRUE,reported,hq6Hss
T,C,0.6832,-0.2353,0.0324,4.017e-13,177016728,2,rs34727427,Systolic blood pressure (no ACE),TRUE,reported,hq6Hss
T,G,0.4666,-0.1819,0.0321,1.495e-08,177490294,2,rs12693095,Systolic blood pressure (no ACE),TRUE,reported,hq6Hss
A,T,0.3697,0.1824,0.0311,4.664e-09,178716601,2,rs1837164,Systolic blood pressure (no ACE),TRUE,reported,hq6Hss
A,C,0.3702,-0.2339,0.0321,2.96e-13,180739450,2,rs1486236,Systolic blood pressure (no ACE),TRUE,reported,hq6Hss
A,G,0.7988,0.3,0.0375,1.268e-15,182993609,2,rs1921151,Systolic blood pressure (no ACE),TRUE,reported,hq6Hss
A,G,0.7158,-0.1824,0.0334,4.634e-08,185033065,2,rs6739913,Systolic blood pressure (no ACE),TRUE,reported,hq6Hss
T,C,0.7336,-0.2114,0.0343,7.54e-10,187816321,2,rs28558491,Systolic blood pressure (no ACE),TRUE,reported,hq6Hss
A,C,0.2385,0.1943,0.0353,3.849e-08,18975439,2,rs67720684,Systolic blood pressure (no ACE),TRUE,reported,hq6Hss
A,G,0.2708,-0.2889,0.0341,2.325e-17,191634958,2,rs13412750,Systolic blood pressure (no ACE),TRUE,reported,hq6Hss
T,C,0.5724,-0.2654,0.0304,2.253e-18,19744462,2,rs17760259,Systolic blood pressure (no ACE),TRUE,reported,hq6Hss
T,C,0.405,0.2161,0.0308,2.155e-12,201102905,2,rs296797,Systolic blood pressure (no ACE),TRUE,reported,hq6Hss
T,C,0.4024,0.2575,0.0309,7.491e-17,204085635,2,rs12693982,Systolic blood pressure (no ACE),TRUE,reported,hq6Hss
T,G,0.3728,-0.202,0.0317,1.925e-10,205093360,2,rs11690717,Systolic blood pressure (no ACE),TRUE,reported,hq6Hss
A,G,0.4099,0.1886,0.0311,1.339e-09,20715656,2,rs342130,Systolic blood pressure (no ACE),TRUE,reported,hq6Hss
C,G,0.5661,-0.2942,0.0309,1.876e-21,208521512,2,rs3845811,Systolic blood pressure (no ACE),TRUE,reported,hq6Hss
A,C,0.3193,-0.2528,0.0328,1.367e-14,211540507,2,rs1047891,Systolic blood pressure (no ACE),TRUE,reported,hq6Hss
T,C,0.2946,-0.2018,0.0335,1.796e-09,213188795,2,rs12694277,Systolic blood pressure (no ACE),TRUE,reported,hq6Hss
A,T,0.7382,-0.3134,0.0344,7.513e-20,216300482,2,rs1250259,Systolic blood pressure (no ACE),TRUE,reported,hq6Hss
T,G,0.4279,0.2836,0.0307,2.868e-20,218680529,2,rs2161967,Systolic blood pressure (no ACE),TRUE,reported,hq6Hss
T,C,0.5878,-0.2013,0.0319,2.734e-10,218778972,2,rs918948,Systolic blood pressure (no ACE),TRUE,reported,hq6Hss
T,G,0.459,0.1839,0.0302,1.095e-09,219083318,2,rs7578940,Systolic blood pressure (no ACE),TRUE,reported,hq6Hss
A,G,0.3584,-0.2562,0.0313,2.607e-16,227100490,2,rs2943648,Systolic blood pressure (no ACE),TRUE,reported,hq6Hss
T,C,0.1482,-0.248,0.0424,5.156e-09,230629138,2,rs1044822,Systolic blood pressure (no ACE),TRUE,reported,hq6Hss
A,C,0.5875,0.1768,0.0308,9.295e-09,231279616,2,rs3754944,Systolic blood pressure (no ACE),TRUE,reported,hq6Hss
T,C,0.9704,0.6115,0.0975,3.505e-10,242344695,2,rs139354822,Systolic blood pressure (no ACE),TRUE,reported,hq6Hss
T,C,0.7607,0.3266,0.0357,6.33e-20,25187115,2,rs2384063,Systolic blood pressure (no ACE),TRUE,reported,hq6Hss
A,G,0.1836,-0.2266,0.039,6.14e-09,26830665,2,rs11685352,Systolic blood pressure (no ACE),TRUE,reported,hq6Hss
T,C,0.6112,-0.541,0.0308,4.42e-69,26914364,2,rs1275988,Systolic blood pressure (no ACE),TRUE,reported,hq6Hss
T,C,0.4849,0.1897,0.0301,2.924e-10,27794233,2,rs10205364,Systolic blood pressure (no ACE),TRUE,reported,hq6Hss
T,C,0.5207,0.2313,0.0305,3.259e-14,28635740,2,rs7562,Systolic blood pressure (no ACE),TRUE,reported,hq6Hss
A,G,0.5605,-0.1943,0.0303,1.489e-10,37484726,2,rs2192939,Systolic blood pressure (no ACE),TRUE,reported,hq6Hss
A,C,0.2159,-0.3227,0.0367,1.418e-18,37559355,2,rs6734118,Systolic blood pressure (no ACE),TRUE,reported,hq6Hss
C,G,0.3796,-0.2441,0.0316,1.223e-14,40557276,2,rs2160236,Systolic blood pressure (no ACE),TRUE,reported,hq6Hss
A,G,0.4735,-0.1841,0.0303,1.189e-09,42967863,2,rs7600439,Systolic blood pressure (no ACE),TRUE,reported,hq6Hss
A,T,0.9132,0.5893,0.0552,1.294e-26,43196694,2,rs115262049,Systolic blood pressure (no ACE),TRUE,reported,hq6Hss
A,G,0.6229,-0.2476,0.0313,2.603e-15,43386568,2,rs4952668,Systolic blood pressure (no ACE),TRUE,reported,hq6Hss
A,C,0.2532,-0.2325,0.0345,1.686e-11,43643865,2,rs6737690,Systolic blood pressure (no ACE),TRUE,reported,hq6Hss
T,C,0.2453,-0.1969,0.0351,2.096e-08,44213990,2,rs10183431,Systolic blood pressure (no ACE),TRUE,reported,hq6Hss
T,G,0.2554,0.248,0.0352,1.897e-12,45878760,2,rs687914,Systolic blood pressure (no ACE),TRUE,reported,hq6Hss
A,G,0.53,0.1893,0.0302,3.912e-10,53025757,2,rs10189186,Systolic blood pressure (no ACE),TRUE,reported,hq6Hss
T,C,0.7651,0.2522,0.0355,1.227e-12,55779476,2,rs13016772,Systolic blood pressure (no ACE),TRUE,reported,hq6Hss
T,C,0.5641,-0.1754,0.0304,7.523e-09,56196884,2,rs1432564,Systolic blood pressure (no ACE),TRUE,reported,hq6Hss
A,G,0.3832,-0.1867,0.0311,2.031e-09,60012802,2,rs1019264,Systolic blood pressure (no ACE),TRUE,reported,hq6Hss
C,G,0.4008,0.1716,0.0308,2.449e-08,60609896,2,rs1553934,Systolic blood pressure (no ACE),TRUE,reported,hq6Hss
C,G,0.6423,0.1814,0.0317,1.044e-08,61680993,2,rs812925,Systolic blood pressure (no ACE),TRUE,reported,hq6Hss
T,C,0.2613,0.2077,0.0343,1.445e-09,64281797,2,rs13015703,Systolic blood pressure (no ACE),TRUE,reported,hq6Hss
A,G,0.6321,0.2927,0.0313,7.634e-21,65287896,2,rs2249105,Systolic blood pressure (no ACE),TRUE,reported,hq6Hss
T,C,0.3865,0.1981,0.031,1.563e-10,66782467,2,rs2300481,Systolic blood pressure (no ACE),TRUE,reported,hq6Hss
C,G,0.6459,0.1897,0.0315,1.753e-09,68355640,2,rs4671874,Systolic blood pressure (no ACE),TRUE,reported,hq6Hss
A,G,0.4143,-0.172,0.0305,1.743e-08,69639911,2,rs13383272,Systolic blood pressure (no ACE),TRUE,reported,hq6Hss
T,G,0.2602,0.1966,0.0344,1.073e-08,71648425,2,rs2419077,Systolic blood pressure (no ACE),TRUE,reported,hq6Hss
T,C,0.5233,-0.1767,0.0302,4.987e-09,73403040,2,rs4577304,Systolic blood pressure (no ACE),TRUE,reported,hq6Hss
T,C,0.5447,0.1983,0.0304,6.663e-11,85491365,2,rs11689667,Systolic blood pressure (no ACE),TRUE,reported,hq6Hss
A,G,0.663,0.2413,0.0318,3.079e-14,86326717,2,rs72847885,Systolic blood pressure (no ACE),TRUE,reported,hq6Hss
A,C,0.4974,-0.3268,0.0304,5.52e-27,10669188,20,rs2206815,Systolic blood pressure (no ACE),TRUE,reported,hq6Hss
T,G,0.5296,-0.4274,0.03,5.382e-46,10967214,20,rs6108787,Systolic blood pressure (no ACE),TRUE,reported,hq6Hss
C,G,0.7638,0.2576,0.0359,6.802e-13,10995855,20,rs6078009,Systolic blood pressure (no ACE),TRUE,reported,hq6Hss
T,C,0.9883,-0.9859,0.1468,1.847e-11,11018672,20,rs6040316,Systolic blood pressure (no ACE),TRUE,reported,hq6Hss
A,G,0.428,-0.1849,0.0304,1.195e-09,11168669,20,rs6078093,Systolic blood pressure (no ACE),TRUE,reported,hq6Hss
A,G,0.5033,-0.1904,0.03,2.234e-10,17877073,20,rs1998107,Systolic blood pressure (no ACE),TRUE,reported,hq6Hss
T,C,0.0958,-0.3613,0.0525,5.645e-12,19007099,20,rs17812022,Systolic blood pressure (no ACE),TRUE,reported,hq6Hss
A,T,0.2758,0.1887,0.0335,1.767e-08,19465089,20,rs6035355,Systolic blood pressure (no ACE),TRUE,reported,hq6Hss
T,G,0.8439,0.2832,0.0417,1.144e-11,30139886,20,rs6058088,Systolic blood pressure (no ACE),TRUE,reported,hq6Hss
A,G,0.8419,-0.3136,0.0421,9.941e-14,31222769,20,rs6141766,Systolic blood pressure (no ACE),TRUE,reported,hq6Hss
A,G,0.6585,0.2714,0.0323,4.086e-17,40258709,20,rs4812536,Systolic blood pressure (no ACE),TRUE,reported,hq6Hss
A,T,0.7954,0.2819,0.0379,1.082e-13,4101290,20,rs1764975,Systolic blood pressure (no ACE),TRUE,reported,hq6Hss
A,G,0.5376,-0.2617,0.0304,7.049e-18,42795152,20,rs6031431,Systolic blood pressure (no ACE),TRUE,reported,hq6Hss
T,C,0.5412,0.1743,0.0301,6.921e-09,47321393,20,rs2869668,Systolic blood pressure (no ACE),TRUE,reported,hq6Hss
A,G,0.147,-0.3854,0.0425,1.286e-19,47410231,20,rs6090907,Systolic blood pressure (no ACE),TRUE,reported,hq6Hss
A,G,0.529,0.2328,0.0301,9.8e-15,50108980,20,rs6021247,Systolic blood pressure (no ACE),TRUE,reported,hq6Hss
T,G,0.6817,-0.1876,0.0324,7.369e-09,51788718,20,rs2801008,Systolic blood pressure (no ACE),TRUE,reported,hq6Hss
C,G,0.2913,-0.2136,0.0334,1.592e-10,57498784,20,rs234615,Systolic blood pressure (no ACE),TRUE,reported,hq6Hss
A,T,0.8771,-0.7131,0.0461,6.998e-54,57742388,20,rs6026744,Systolic blood pressure (no ACE),TRUE,reported,hq6Hss
A,C,0.587,-0.1781,0.0323,3.508e-08,61179260,20,rs28572127,Systolic blood pressure (no ACE),TRUE,reported,hq6Hss
A,G,0.6307,-0.1729,0.0316,4.557e-08,62078360,20,rs2297387,Systolic blood pressure (no ACE),TRUE,reported,hq6Hss
A,G,0.2364,-0.3294,0.0363,1.184e-19,62446351,20,rs6062324,Systolic blood pressure (no ACE),TRUE,reported,hq6Hss
T,G,0.0876,0.3806,0.0567,1.986e-11,62516236,20,rs79208229,Systolic blood pressure (no ACE),TRUE,reported,hq6Hss
T,G,0.2466,0.2937,0.0357,1.937e-16,62694319,20,rs35213536,Systolic blood pressure (no ACE),TRUE,reported,hq6Hss
A,G,0.606,0.2094,0.0306,8.228e-12,6327810,20,rs6054139,Systolic blood pressure (no ACE),TRUE,reported,hq6Hss
A,G,0.6366,0.2826,0.0313,1.937e-19,8616588,20,rs6039211,Systolic blood pressure (no ACE),TRUE,reported,hq6Hss
C,G,0.1037,0.3521,0.05,1.873e-12,16339172,21,rs2229742,Systolic blood pressure (no ACE),TRUE,reported,hq6Hss
T,C,0.3087,0.2443,0.0326,6.687e-14,16556367,21,rs1882961,Systolic blood pressure (no ACE),TRUE,reported,hq6Hss
A,C,0.2765,0.2177,0.0338,1.217e-10,33814378,21,rs2833834,Systolic blood pressure (no ACE),TRUE,reported,hq6Hss
T,C,0.0243,-0.6339,0.1048,1.462e-09,35605863,21,rs149487184,Systolic blood pressure (no ACE),TRUE,reported,hq6Hss
A,G,0.2872,0.3498,0.0341,1.024e-24,44760603,21,rs12627651,Systolic blood pressure (no ACE),TRUE,reported,hq6Hss
T,C,0.0133,-1.2795,0.1463,2.248e-18,44829595,21,rs137923903,Systolic blood pressure (no ACE),TRUE,reported,hq6Hss
A,G,0.3911,-0.2264,0.0309,2.39e-13,44989547,21,rs4818833,Systolic blood pressure (no ACE),TRUE,reported,hq6Hss
A,G,0.292,0.2552,0.0332,1.451e-14,19976406,22,rs2238787,Systolic blood pressure (no ACE),TRUE,reported,hq6Hss
C,G,0.4328,-0.2292,0.0303,3.814e-14,29453193,22,rs12321,Systolic blood pressure (no ACE),TRUE,reported,hq6Hss
T,C,0.0506,0.4187,0.069,1.326e-09,30188741,22,rs2240365,Systolic blood pressure (no ACE),TRUE,reported,hq6Hss
T,C,0.491,0.1676,0.03,2.195e-08,32001037,22,rs8142376,Systolic blood pressure (no ACE),TRUE,reported,hq6Hss
T,C,0.0808,-0.3252,0.0562,7.391e-09,50228044,22,rs148140538,Systolic blood pressure (no ACE),TRUE,reported,hq6Hss
T,C,0.6062,0.2066,0.0327,2.528e-10,50727921,22,rs28578714,Systolic blood pressure (no ACE),TRUE,reported,hq6Hss
C,G,0.597,0.3231,0.0307,7.01e-26,11495983,3,rs9848170,Systolic blood pressure (no ACE),TRUE,reported,hq6Hss
T,C,0.1384,-0.2407,0.0438,3.939e-08,11677695,3,rs17778035,Systolic blood pressure (no ACE),TRUE,reported,hq6Hss
A,G,0.4718,-0.1731,0.0302,9.949e-09,121682388,3,rs12637573,Systolic blood pressure (no ACE),TRUE,reported,hq6Hss
A,C,0.4338,0.1768,0.0309,1.026e-08,123049938,3,rs6806529,Systolic blood pressure (no ACE),TRUE,reported,hq6Hss
T,C,0.5774,0.2736,0.0305,3.132e-19,124557643,3,rs6438857,Systolic blood pressure (no ACE),TRUE,reported,hq6Hss
A,G,0.36,-0.1823,0.0314,6.287e-09,12626516,3,rs3729931,Systolic blood pressure (no ACE),TRUE,reported,hq6Hss
T,C,0.8927,0.2775,0.049,1.492e-08,128125718,3,rs60672471,Systolic blood pressure (no ACE),TRUE,reported,hq6Hss
T,C,0.4638,-0.1752,0.0302,6.533e-09,132780356,3,rs9875380,Systolic blood pressure (no ACE),TRUE,reported,hq6Hss
A,G,0.3946,0.3081,0.0308,1.593e-23,133949366,3,rs9880098,Systolic blood pressure (no ACE),TRUE,reported,hq6Hss
T,G,0.4722,-0.1886,0.0302,3.984e-10,135949737,3,rs863930,Systolic blood pressure (no ACE),TRUE,reported,hq6Hss
A,G,0.1611,0.2869,0.0411,3e-12,138104635,3,rs34905952,Systolic blood pressure (no ACE),TRUE,reported,hq6Hss
A,T,0.9261,-0.4465,0.0584,2.179e-14,141106955,3,rs73872710,Systolic blood pressure (no ACE),TRUE,reported,hq6Hss
T,C,0.4223,0.3111,0.0307,3.979e-24,14926351,3,rs34991912,Systolic blood pressure (no ACE),TRUE,reported,hq6Hss
A,T,0.06,0.5204,0.0665,4.867e-15,150066540,3,rs62271373,Systolic blood pressure (no ACE),TRUE,reported,hq6Hss
A,T,0.1618,0.2804,0.0409,7.235e-12,153721493,3,rs73158427,Systolic blood pressure (no ACE),TRUE,reported,hq6Hss
T,C,0.8992,0.4003,0.0504,2.087e-15,154680449,3,rs79539362,Systolic blood pressure (no ACE),TRUE,reported,hq6Hss
A,G,0.9726,0.5707,0.1003,1.282e-08,154801978,3,rs61762319,Systolic blood pressure (no ACE),TRUE,reported,hq6Hss
T,C,0.684,-0.2172,0.0327,3.175e-11,157828781,3,rs73164066,Systolic blood pressure (no ACE),TRUE,reported,hq6Hss
A,C,0.536,-0.1735,0.0306,1.389e-08,160309043,3,rs56213443,Systolic blood pressure (no ACE),TRUE,reported,hq6Hss
T,G,0.1075,-0.4998,0.0487,1.027e-24,168697602,3,rs3980686,Systolic blood pressure (no ACE),TRUE,reported,hq6Hss
T,C,0.4483,0.4124,0.0303,2.968e-42,169096900,3,rs1290784,Systolic blood pressure (no ACE),TRUE,reported,hq6Hss
C,G,0.6939,0.2766,0.0328,3.336e-17,169312755,3,rs4955571,Systolic blood pressure (no ACE),TRUE,reported,hq6Hss
A,G,0.7329,0.2886,0.0346,7.744e-17,169480204,3,rs12630450,Systolic blood pressure (no ACE),TRUE,reported,hq6Hss
T,C,0.4672,-0.1763,0.032,3.51e-08,176927949,3,rs73171158,Systolic blood pressure (no ACE),TRUE,reported,hq6Hss
A,G,0.4704,-0.2371,0.0305,7.666e-15,183435713,3,rs262986,Systolic blood pressure (no ACE),TRUE,reported,hq6Hss
C,G,0.6659,-0.2234,0.0325,6.148e-12,185329756,3,rs13091418,Systolic blood pressure (no ACE),TRUE,reported,hq6Hss
A,G,0.072,-0.3335,0.0595,2.116e-08,186177114,3,rs80045342,Systolic blood pressure (no ACE),TRUE,reported,hq6Hss
A,C,0.3523,-0.2001,0.0318,3.223e-10,196228360,3,rs9869437,Systolic blood pressure (no ACE),TRUE,reported,hq6Hss
A,T,0.0132,-0.8664,0.139,4.55e-10,20073193,3,rs189267552,Systolic blood pressure (no ACE),TRUE,reported,hq6Hss
T,C,0.0224,0.8593,0.1067,7.977e-16,27441078,3,rs13095509,Systolic blood pressure (no ACE),TRUE,reported,hq6Hss
T,C,0.4505,0.4473,0.0306,1.741e-48,27562988,3,rs2643826,Systolic blood pressure (no ACE),TRUE,reported,hq6Hss
A,T,0.3559,0.2189,0.0318,5.609e-12,30405936,3,rs12638085,Systolic blood pressure (no ACE),TRUE,reported,hq6Hss
A,G,0.5916,-0.261,0.0313,7.176e-17,37539090,3,rs267517,Systolic blood pressure (no ACE),TRUE,reported,hq6Hss
A,G,0.8563,0.2999,0.0432,3.806e-12,41107173,3,rs6788984,Systolic blood pressure (no ACE),TRUE,reported,hq6Hss
T,C,0.5107,0.1743,0.0301,7.299e-09,41230654,3,rs7630377,Systolic blood pressure (no ACE),TRUE,reported,hq6Hss
T,C,0.8329,0.2262,0.0412,4.143e-08,41925398,3,rs1052501,Systolic blood pressure (no ACE),TRUE,reported,hq6Hss
A,G,0.1833,0.2269,0.0393,7.515e-09,43940061,3,rs9311344,Systolic blood pressure (no ACE),TRUE,reported,hq6Hss
T,C,0.2477,-0.3793,0.0355,1.389e-26,48108442,3,rs6771917,Systolic blood pressure (no ACE),TRUE,reported,hq6Hss
T,C,0.1443,-0.2563,0.0438,4.834e-09,49432404,3,rs73088122,Systolic blood pressure (no ACE),TRUE,reported,hq6Hss
A,G,0.6675,0.1891,0.0321,3.903e-09,53143901,3,rs7615099,Systolic blood pressure (no ACE),TRUE,reported,hq6Hss
A,G,0.6808,0.3373,0.0335,6.559e-24,53558012,3,rs3821843,Systolic blood pressure (no ACE),TRUE,reported,hq6Hss
T,C,0.6732,-0.2425,0.0322,4.873e-14,53734443,3,rs7340705,Systolic blood pressure (no ACE),TRUE,reported,hq6Hss
A,C,0.6824,0.2733,0.0324,3.099e-17,56771251,3,rs3772219,Systolic blood pressure (no ACE),TRUE,reported,hq6Hss
T,C,0.1523,-0.2322,0.0422,3.834e-08,64606167,3,rs10433643,Systolic blood pressure (no ACE),TRUE,reported,hq6Hss
C,G,0.3394,-0.1891,0.0331,1.101e-08,66422246,3,rs7618284,Systolic blood pressure (no ACE),TRUE,reported,hq6Hss
A,T,0.3171,-0.2199,0.0326,1.463e-11,70920485,3,rs4499560,Systolic blood pressure (no ACE),TRUE,reported,hq6Hss
A,G,0.5086,0.1669,0.0302,3.295e-08,74760545,3,rs6785824,Systolic blood pressure (no ACE),TRUE,reported,hq6Hss
T,C,0.6395,0.2579,0.0315,2.844e-16,85656311,3,rs1375564,Systolic blood pressure (no ACE),TRUE,reported,hq6Hss
T,C,0.0395,-0.5989,0.0897,2.417e-11,100239319,4,rs1229984,Systolic blood pressure (no ACE),TRUE,reported,hq6Hss
T,C,0.0739,-0.9086,0.0592,4.219e-53,103188709,4,rs13107325,Systolic blood pressure (no ACE),TRUE,reported,hq6Hss
T,C,0.7634,0.4164,0.0358,2.836e-31,106910958,4,rs56388530,Systolic blood pressure (no ACE),TRUE,reported,hq6Hss
A,G,0.6334,-0.2022,0.0313,1.039e-10,109038654,4,rs4245930,Systolic blood pressure (no ACE),TRUE,reported,hq6Hss
A,G,0.0205,0.7948,0.1131,2.13e-12,111240278,4,rs34297584,Systolic blood pressure (no ACE),TRUE,reported,hq6Hss
T,C,0.7952,-0.3251,0.0382,1.674e-17,111335722,4,rs1879057,Systolic blood pressure (no ACE),TRUE,reported,hq6Hss
A,T,0.4796,0.1973,0.0303,7.241e-11,120555696,4,rs4834792,Systolic blood pressure (no ACE),TRUE,reported,hq6Hss
A,T,0.8026,0.2226,0.0381,4.95e-09,124794644,4,rs3097937,Systolic blood pressure (no ACE),TRUE,reported,hq6Hss
T,C,0.5793,-0.2174,0.0309,2.138e-12,138374608,4,rs4864421,Systolic blood pressure (no ACE),TRUE,reported,hq6Hss
T,C,0.4106,0.2537,0.0309,2.306e-16,138464842,4,rs7439567,Systolic blood pressure (no ACE),TRUE,reported,hq6Hss
A,T,0.6829,-0.2243,0.0324,4.337e-12,144051276,4,rs72719160,Systolic blood pressure (no ACE),TRUE,reported,hq6Hss
A,T,0.6336,-0.2113,0.0322,5.36e-11,145722862,4,rs11933087,Systolic blood pressure (no ACE),TRUE,reported,hq6Hss
A,G,0.5141,-0.2167,0.0305,1.243e-12,146801002,4,rs13128814,Systolic blood pressure (no ACE),TRUE,reported,hq6Hss
A,G,0.2933,0.2237,0.0333,1.821e-11,148419040,4,rs13143677,Systolic blood pressure (no ACE),TRUE,reported,hq6Hss
T,C,0.7226,-0.2129,0.0341,4.399e-10,151295085,4,rs6823767,Systolic blood pressure (no ACE),TRUE,reported,hq6Hss
T,C,0.5654,-0.1699,0.0306,2.784e-08,152992266,4,rs4696128,Systolic blood pressure (no ACE),TRUE,reported,hq6Hss
T,C,0.5312,-0.3654,0.0304,2.431e-33,156402654,4,rs7683728,Systolic blood pressure (no ACE),TRUE,reported,hq6Hss
A,G,0.6703,-0.2054,0.0321,1.547e-10,156453561,4,rs908591,Systolic blood pressure (no ACE),TRUE,reported,hq6Hss
A,G,0.6395,0.3134,0.0313,1.232e-23,156639846,4,rs12643599,Systolic blood pressure (no ACE),TRUE,reported,hq6Hss
C,G,0.8415,-0.241,0.0425,1.458e-08,156942109,4,rs4306914,Systolic blood pressure (no ACE),TRUE,reported,hq6Hss
T,G,0.8552,0.3074,0.0429,7.613e-13,157678511,4,rs17035181,Systolic blood pressure (no ACE),TRUE,reported,hq6Hss
A,C,0.4659,-0.2115,0.0305,4.124e-12,169688000,4,rs869396,Systolic blood pressure (no ACE),TRUE,reported,hq6Hss
A,G,0.2641,-0.2903,0.0343,2.863e-17,18008232,4,rs2610990,Systolic blood pressure (no ACE),TRUE,reported,hq6Hss
A,G,0.0382,0.5008,0.0809,6.016e-10,2262104,4,rs79682447,Systolic blood pressure (no ACE),TRUE,reported,hq6Hss
A,C,0.6919,-0.2847,0.0327,3.172e-18,2668217,4,rs1290933,Systolic blood pressure (no ACE),TRUE,reported,hq6Hss
T,C,0.401,0.2651,0.0317,5.695e-17,26812737,4,rs55924432,Systolic blood pressure (no ACE),TRUE,reported,hq6Hss
A,G,0.098,0.3171,0.0517,8.515e-10,3451109,4,rs2498323,Systolic blood pressure (no ACE),TRUE,reported,hq6Hss
T,G,0.5335,-0.2622,0.0303,5.104e-18,38387244,4,rs2291434,Systolic blood pressure (no ACE),TRUE,reported,hq6Hss
A,G,0.8943,-0.2996,0.0497,1.599e-09,40603821,4,rs62301873,Systolic blood pressure (no ACE),TRUE,reported,hq6Hss
T,G,0.8226,-0.2329,0.0399,5.393e-09,46595623,4,rs12511987,Systolic blood pressure (no ACE),TRUE,reported,hq6Hss
A,G,0.4734,-0.2244,0.0304,1.593e-13,48713862,4,rs62309747,Systolic blood pressure (no ACE),TRUE,reported,hq6Hss
T,G,0.8931,0.3789,0.0498,2.82e-14,54801228,4,rs60991988,Systolic blood pressure (no ACE),TRUE,reported,hq6Hss
A,T,0.2124,0.229,0.037,6.352e-10,55102559,4,rs6554163,Systolic blood pressure (no ACE),TRUE,reported,hq6Hss
T,C,0.294,0.2336,0.0331,1.671e-12,56248954,4,rs525271,Systolic blood pressure (no ACE),TRUE,reported,hq6Hss
A,G,0.3687,-0.1778,0.0314,1.567e-08,63768826,4,rs13107261,Systolic blood pressure (no ACE),TRUE,reported,hq6Hss
T,C,0.5405,0.2157,0.0302,9.241e-13,77414144,4,rs10008637,Systolic blood pressure (no ACE),TRUE,reported,hq6Hss
T,C,0.7077,-0.8367,0.0334,2.55e-138,81182554,4,rs12509595,Systolic blood pressure (no ACE),TRUE,reported,hq6Hss
T,C,0.7515,0.2167,0.0359,1.543e-09,83952862,4,rs1379617,Systolic blood pressure (no ACE),TRUE,reported,hq6Hss
T,C,0.8537,-0.534,0.043,1.781e-35,86719165,4,rs17010957,Systolic blood pressure (no ACE),TRUE,reported,hq6Hss
T,C,0.7773,0.281,0.0367,1.971e-14,89750668,4,rs13149209,Systolic blood pressure (no ACE),TRUE,reported,hq6Hss
A,G,0.6179,-0.1806,0.0312,6.915e-09,95938386,4,rs1347345,Systolic blood pressure (no ACE),TRUE,reported,hq6Hss
A,G,0.7288,-0.1876,0.0341,3.691e-08,112368522,5,rs2112453,Systolic blood pressure (no ACE),TRUE,reported,hq6Hss
T,G,0.4915,0.2749,0.0303,1.089e-19,114393181,5,rs6894014,Systolic blood pressure (no ACE),TRUE,reported,hq6Hss
C,G,0.6233,-0.2011,0.0313,1.323e-10,121221356,5,rs11241619,Systolic blood pressure (no ACE),TRUE,reported,hq6Hss
A,T,0.0645,-0.3956,0.0616,1.362e-10,122452339,5,rs466097,Systolic blood pressure (no ACE),TRUE,reported,hq6Hss
A,G,0.3801,0.3371,0.0313,4.258e-27,122475438,5,rs1624823,Systolic blood pressure (no ACE),TRUE,reported,hq6Hss
C,G,0.6676,0.2747,0.0319,8.067e-18,122835051,5,rs9327297,Systolic blood pressure (no ACE),TRUE,reported,hq6Hss
A,T,0.7893,-0.241,0.037,7.03e-11,127490061,5,rs72794392,Systolic blood pressure (no ACE),TRUE,reported,hq6Hss
A,C,0.4022,0.3427,0.0307,7.113e-29,127845030,5,rs6892983,Systolic blood pressure (no ACE),TRUE,reported,hq6Hss
T,C,0.2582,0.3098,0.0369,4.473e-17,1279790,5,rs10069690,Systolic blood pressure (no ACE),TRUE,reported,hq6Hss
T,C,0.6752,-0.1917,0.0324,3.319e-09,131813350,5,rs13165038,Systolic blood pressure (no ACE),TRUE,reported,hq6Hss
T,C,0.7381,0.1917,0.0348,3.637e-08,138775301,5,rs3923060,Systolic blood pressure (no ACE),TRUE,reported,hq6Hss
T,C,0.4369,0.2318,0.0305,3.239e-14,140086677,5,rs702395,Systolic blood pressure (no ACE),TRUE,reported,hq6Hss
T,C,0.765,0.2418,0.0359,1.623e-11,141726983,5,rs2913920,Systolic blood pressure (no ACE),TRUE,reported,hq6Hss
T,C,0.4176,0.1804,0.0305,3.401e-09,147884668,5,rs9716164,Systolic blood pressure (no ACE),TRUE,reported,hq6Hss
A,G,0.2086,-0.3466,0.0374,1.874e-20,148348395,5,rs994446,Systolic blood pressure (no ACE),TRUE,reported,hq6Hss
T,C,0.7699,-0.1985,0.0359,3.072e-08,15695987,5,rs7725413,Systolic blood pressure (no ACE),TRUE,reported,hq6Hss
T,C,0.265,0.3629,0.0342,2.317e-26,157474590,5,rs1957563,Systolic blood pressure (no ACE),TRUE,reported,hq6Hss
T,C,0.966,0.4933,0.0856,8.128e-09,157620615,5,rs144311783,Systolic blood pressure (no ACE),TRUE,reported,hq6Hss
T,C,0.6245,0.4727,0.0313,1.253e-51,157817634,5,rs11960210,Systolic blood pressure (no ACE),TRUE,reported,hq6Hss
A,G,0.8668,-0.388,0.0445,2.95e-18,157938070,5,rs13358657,Systolic blood pressure (no ACE),TRUE,reported,hq6Hss
A,G,0.5517,0.3085,0.0305,4.761e-24,158204425,5,rs1368298,Systolic blood pressure (no ACE),TRUE,reported,hq6Hss
A,G,0.4303,-0.1808,0.0307,3.826e-09,158460212,5,rs7734385,Systolic blood pressure (no ACE),TRUE,reported,hq6Hss
A,G,0.2916,-0.2663,0.0333,1.201e-15,173301427,5,rs3860770,Systolic blood pressure (no ACE),TRUE,reported,hq6Hss
A,G,0.1147,-0.3303,0.0486,1.069e-11,179411477,5,rs12153395,Systolic blood pressure (no ACE),TRUE,reported,hq6Hss
A,G,0.1298,-0.4042,0.046,1.604e-18,32679090,5,rs752229,Systolic blood pressure (no ACE),TRUE,reported,hq6Hss
T,C,0.4034,-0.6382,0.0307,7.14e-96,32831939,5,rs12656497,Systolic blood pressure (no ACE),TRUE,reported,hq6Hss
T,G,0.7191,-0.2653,0.0336,3.017e-15,33128479,5,rs2054479,Systolic blood pressure (no ACE),TRUE,reported,hq6Hss
A,G,0.3399,0.1982,0.0323,8.119e-10,361148,5,rs4957026,Systolic blood pressure (no ACE),TRUE,reported,hq6Hss
A,C,0.7413,-0.2127,0.0346,7.529e-10,3706050,5,rs954767,Systolic blood pressure (no ACE),TRUE,reported,hq6Hss
T,C,0.3705,0.2199,0.0312,1.922e-12,50880788,5,rs767717,Systolic blood pressure (no ACE),TRUE,reported,hq6Hss
A,T,0.6139,0.2657,0.0311,1.184e-17,53283630,5,rs1694068,Systolic blood pressure (no ACE),TRUE,reported,hq6Hss
T,C,0.639,-0.1931,0.0324,2.523e-09,55692939,5,rs10043077,Systolic blood pressure (no ACE),TRUE,reported,hq6Hss
T,C,0.746,0.2077,0.0347,2.08e-09,55807370,5,rs464605,Systolic blood pressure (no ACE),TRUE,reported,hq6Hss
T,C,0.2819,0.2238,0.0347,1.084e-10,55868097,5,rs13179413,Systolic blood pressure (no ACE),TRUE,reported,hq6Hss
A,G,0.3621,0.1839,0.0316,5.717e-09,57754005,5,rs1848510,Systolic blood pressure (no ACE),TRUE,reported,hq6Hss
T,C,0.0744,0.455,0.059,1.269e-14,61940569,5,rs12657950,Systolic blood pressure (no ACE),TRUE,reported,hq6Hss
A,T,0.5151,0.1886,0.0303,4.803e-10,64079015,5,rs6875372,Systolic blood pressure (no ACE),TRUE,reported,hq6Hss
A,G,0.7306,0.211,0.0343,7.641e-10,66291370,5,rs4286632,Systolic blood pressure (no ACE),TRUE,reported,hq6Hss
A,G,0.7002,-0.2246,0.0333,1.512e-11,67678506,5,rs7703560,Systolic blood pressure (no ACE),TRUE,reported,hq6Hss
T,C,0.2882,0.2479,0.0335,1.453e-13,68007803,5,rs246973,Systolic blood pressure (no ACE),TRUE,reported,hq6Hss
A,G,0.0587,0.3576,0.0651,3.877e-08,72637748,5,rs56719405,Systolic blood pressure (no ACE),TRUE,reported,hq6Hss
T,C,0.2837,0.2733,0.0336,3.917e-16,77820081,5,rs4704514,Systolic blood pressure (no ACE),TRUE,reported,hq6Hss
A,G,0.2053,-0.3143,0.0377,7.821e-17,87389027,5,rs6452769,Systolic blood pressure (no ACE),TRUE,reported,hq6Hss
A,C,0.1002,0.2782,0.0506,3.76e-08,88109590,5,rs6884092,Systolic blood pressure (no ACE),TRUE,reported,hq6Hss
C,G,0.3553,0.2034,0.0316,1.149e-10,90412371,5,rs1852732,Systolic blood pressure (no ACE),TRUE,reported,hq6Hss
T,C,0.9687,0.5737,0.0892,1.236e-10,91843369,5,rs77151571,Systolic blood pressure (no ACE),TRUE,reported,hq6Hss
A,G,0.2003,-0.2943,0.0377,5.964e-15,96174186,5,rs709668,Systolic blood pressure (no ACE),TRUE,reported,hq6Hss
T,G,0.3349,0.1954,0.0324,1.656e-09,97953719,5,rs1871190,Systolic blood pressure (no ACE),TRUE,reported,hq6Hss
T,C,0.1979,0.2657,0.0385,5.419e-12,109013930,6,rs9486916,Systolic blood pressure (no ACE),TRUE,reported,hq6Hss
A,G,0.2347,-0.2064,0.0356,6.527e-09,109090119,6,rs557526,Systolic blood pressure (no ACE),TRUE,reported,hq6Hss
A,G,0.366,-0.206,0.0316,6.991e-11,117523671,6,rs2693560,Systolic blood pressure (no ACE),TRUE,reported,hq6Hss
A,G,0.2392,-0.2504,0.0355,1.781e-12,117817099,6,rs13207962,Systolic blood pressure (no ACE),TRUE,reported,hq6Hss
A,G,0.0818,0.3966,0.0554,8.344e-13,118601980,6,rs62421489,Systolic blood pressure (no ACE),TRUE,reported,hq6Hss
T,C,0.465,-0.1706,0.0309,3.516e-08,12295987,6,rs1630736,Systolic blood pressure (no ACE),TRUE,reported,hq6Hss
A,G,0.4845,0.2106,0.0302,2.912e-12,126228512,6,rs10782230,Systolic blood pressure (no ACE),TRUE,reported,hq6Hss
A,G,0.4387,0.5202,0.0305,3.656e-65,127159982,6,rs9401913,Systolic blood pressure (no ACE),TRUE,reported,hq6Hss
A,G,0.593,0.2664,0.0312,1.307e-17,12903957,6,rs9349379,Systolic blood pressure (no ACE),TRUE,reported,hq6Hss
T,C,0.7309,0.2358,0.0341,4.369e-12,131311909,6,rs9885632,Systolic blood pressure (no ACE),TRUE,reported,hq6Hss
T,C,0.7083,0.2,0.0338,3.161e-09,134209837,6,rs2327429,Systolic blood pressure (no ACE),TRUE,reported,hq6Hss
T,G,0.3163,-0.2004,0.0324,6.388e-10,140383733,6,rs7763294,Systolic blood pressure (no ACE),TRUE,reported,hq6Hss
T,C,0.4528,0.2206,0.0306,6.04e-13,143150223,6,rs6570530,Systolic blood pressure (no ACE),TRUE,reported,hq6Hss
A,G,0.4633,0.201,0.0307,5.881e-11,147713764,6,rs7765526,Systolic blood pressure (no ACE),TRUE,reported,hq6Hss
C,G,0.0694,-0.8085,0.0594,3.522e-42,151004770,6,rs17080102,Systolic blood pressure (no ACE),TRUE,reported,hq6Hss
T,G,0.4009,0.1906,0.0313,1.143e-09,151910126,6,rs6557155,Systolic blood pressure (no ACE),TRUE,reported,hq6Hss
A,G,0.7485,-0.1997,0.0348,9.828e-09,151966387,6,rs1293965,Systolic blood pressure (no ACE),TRUE,reported,hq6Hss
A,G,0.1158,0.2793,0.0476,4.464e-09,152333104,6,rs13203975,Systolic blood pressure (no ACE),TRUE,reported,hq6Hss
A,T,0.2103,0.2046,0.0372,3.724e-08,152867992,6,rs1830218,Systolic blood pressure (no ACE),TRUE,reported,hq6Hss
A,G,0.1386,0.329,0.044,7.079e-14,159711515,6,rs509833,Systolic blood pressure (no ACE),TRUE,reported,hq6Hss
A,G,0.552,0.2164,0.0317,8.955e-12,1613686,6,rs2745599,Systolic blood pressure (no ACE),TRUE,reported,hq6Hss
A,G,0.678,0.1806,0.0327,3.346e-08,161720674,6,rs10214535,Systolic blood pressure (no ACE),TRUE,reported,hq6Hss
T,C,0.4367,0.1829,0.0314,5.462e-09,16362692,6,rs179972,Systolic blood pressure (no ACE),TRUE,reported,hq6Hss
T,C,0.775,-0.2104,0.0374,1.82e-08,163737476,6,rs12661036,Systolic blood pressure (no ACE),TRUE,reported,hq6Hss
C,G,0.9312,0.4603,0.0615,7.219e-14,166180947,6,rs6932812,Systolic blood pressure (no ACE),TRUE,reported,hq6Hss
T,C,0.5496,0.1846,0.0315,4.425e-09,169720903,6,rs12192157,Systolic blood pressure (no ACE),TRUE,reported,hq6Hss
A,C,0.2688,0.2281,0.0339,1.837e-11,20686996,6,rs9368222,Systolic blood pressure (no ACE),TRUE,reported,hq6Hss
T,C,0.3784,-0.1745,0.0312,2.234e-08,21099352,6,rs7744319,Systolic blood pressure (no ACE),TRUE,reported,hq6Hss
T,C,0.4577,0.2378,0.0306,7.962e-15,22130601,6,rs6911827,Systolic blood pressure (no ACE),TRUE,reported,hq6Hss
A,G,0.7246,0.2879,0.0337,1.326e-17,22392260,6,rs2744133,Systolic blood pressure (no ACE),TRUE,reported,hq6Hss
A,G,0.4019,0.1776,0.031,9.865e-09,23181119,6,rs12661604,Systolic blood pressure (no ACE),TRUE,reported,hq6Hss
A,G,0.4659,-0.1901,0.0309,7.419e-10,25684279,6,rs4712955,Systolic blood pressure (no ACE),TRUE,reported,hq6Hss
T,G,0.1505,0.5425,0.0424,1.562e-37,26092170,6,rs2032451,Systolic blood pressure (no ACE),TRUE,reported,hq6Hss
T,C,0.0373,0.6115,0.0805,3.138e-14,26491355,6,rs151117229,Systolic blood pressure (no ACE),TRUE,reported,hq6Hss
T,C,0.0663,0.4431,0.0663,2.369e-11,31314095,6,rs114088084,Systolic blood pressure (no ACE),TRUE,reported,hq6Hss
T,C,0.0476,0.5928,0.0725,2.992e-16,31469468,6,rs114684640,Systolic blood pressure (no ACE),TRUE,reported,hq6Hss
T,C,0.5199,0.3931,0.0304,2.647e-38,31839494,6,rs3132442,Systolic blood pressure (no ACE),TRUE,reported,hq6Hss
A,G,0.0364,0.7107,0.0891,1.539e-15,31930063,6,rs115521166,Systolic blood pressure (no ACE),TRUE,reported,hq6Hss
T,C,0.4062,-0.1981,0.0336,3.805e-09,32628247,6,rs9273493,Systolic blood pressure (no ACE),TRUE,reported,hq6Hss
T,C,0.9558,-0.4648,0.0766,1.3e-09,34166533,6,rs114472600,Systolic blood pressure (no ACE),TRUE,reported,hq6Hss
A,G,0.0784,-0.3164,0.057,2.828e-08,34373649,6,rs12664016,Systolic blood pressure (no ACE),TRUE,reported,hq6Hss
T,C,0.8151,-0.2266,0.0392,7.166e-09,35388758,6,rs2395622,Systolic blood pressure (no ACE),TRUE,reported,hq6Hss
A,C,0.2554,0.1931,0.0347,2.557e-08,39165859,6,rs9394578,Systolic blood pressure (no ACE),TRUE,reported,hq6Hss
A,G,0.9787,0.7513,0.1119,1.861e-11,39242163,6,rs145211473,Systolic blood pressure (no ACE),TRUE,reported,hq6Hss
A,C,0.1315,0.2755,0.0458,1.763e-09,39262535,6,rs2815063,Systolic blood pressure (no ACE),TRUE,reported,hq6Hss
A,G,0.3241,0.3363,0.0321,1.17e-25,43349215,6,rs7763558,Systolic blood pressure (no ACE),TRUE,reported,hq6Hss
A,G,0.5675,0.1902,0.0312,1.092e-09,43758873,6,rs6905288,Systolic blood pressure (no ACE),TRUE,reported,hq6Hss
T,C,0.9075,-0.4287,0.0541,2.365e-15,50683009,6,rs78648104,Systolic blood pressure (no ACE),TRUE,reported,hq6Hss
T,C,0.5524,-0.1767,0.0305,6.731e-09,56064197,6,rs1474698,Systolic blood pressure (no ACE),TRUE,reported,hq6Hss
T,C,0.4733,0.1973,0.0301,5.586e-11,7715689,6,rs1575290,Systolic blood pressure (no ACE),TRUE,reported,hq6Hss
A,G,0.4887,0.2409,0.0303,1.768e-15,79657391,6,rs1984195,Systolic blood pressure (no ACE),TRUE,reported,hq6Hss
T,C,0.6795,-0.2189,0.0323,1.185e-11,82281417,6,rs9449350,Systolic blood pressure (no ACE),TRUE,reported,hq6Hss
T,C,0.1907,0.3575,0.0385,1.575e-20,97066242,6,rs6921291,Systolic blood pressure (no ACE),TRUE,reported,hq6Hss
T,C,0.2838,0.1974,0.0337,4.909e-09,100492322,7,rs3808356,Systolic blood pressure (no ACE),TRUE,reported,hq6Hss
T,G,0.7973,-0.7507,0.0379,1.958e-87,106414069,7,rs2392929,Systolic blood pressure (no ACE),TRUE,reported,hq6Hss
C,G,0.2532,0.2016,0.0348,7.058e-09,1142862,7,rs75102927,Systolic blood pressure (no ACE),TRUE,reported,hq6Hss
T,G,0.0465,-0.6208,0.0774,1.09e-15,1222859,7,rs17826049,Systolic blood pressure (no ACE),TRUE,reported,hq6Hss
T,C,0.3168,0.1958,0.0324,1.542e-09,123272278,7,rs6466878,Systolic blood pressure (no ACE),TRUE,reported,hq6Hss
T,C,0.5502,0.1904,0.0304,4.01e-10,128576086,7,rs3757387,Systolic blood pressure (no ACE),TRUE,reported,hq6Hss
A,G,0.4889,-0.2422,0.0303,1.373e-15,130432469,7,rs34072724,Systolic blood pressure (no ACE),TRUE,reported,hq6Hss
T,C,0.5929,0.2694,0.031,3.762e-18,130973495,7,rs35680304,Systolic blood pressure (no ACE),TRUE,reported,hq6Hss
T,C,0.0418,0.5885,0.0839,2.348e-12,131321010,7,rs75672964,Systolic blood pressure (no ACE),TRUE,reported,hq6Hss
A,G,0.2618,0.2064,0.0345,2.197e-09,131361319,7,rs6957161,Systolic blood pressure (no ACE),TRUE,reported,hq6Hss
A,C,0.4543,-0.2087,0.0306,9.095e-12,134138380,7,rs1790998,Systolic blood pressure (no ACE),TRUE,reported,hq6Hss
A,C,0.8054,0.301,0.0387,7.68e-15,139404666,7,rs141212865,Systolic blood pressure (no ACE),TRUE,reported,hq6Hss
A,G,0.0663,0.3616,0.0623,6.604e-09,149474622,7,rs73727605,Systolic blood pressure (no ACE),TRUE,reported,hq6Hss
A,G,0.321,-0.1789,0.0326,3.916e-08,150071605,7,rs11972067,Systolic blood pressure (no ACE),TRUE,reported,hq6Hss
A,G,0.3731,0.1873,0.0312,2.001e-09,150281362,7,rs1960024,Systolic blood pressure (no ACE),TRUE,reported,hq6Hss
T,C,0.3774,-0.1786,0.0317,1.797e-08,150496668,7,rs11972506,Systolic blood pressure (no ACE),TRUE,reported,hq6Hss
T,C,0.0811,0.664,0.0575,8.461e-31,150690176,7,rs3918226,Systolic blood pressure (no ACE),TRUE,reported,hq6Hss
C,G,0.2888,0.1983,0.0336,3.574e-09,150871377,7,rs10246655,Systolic blood pressure (no ACE),TRUE,reported,hq6Hss
T,C,0.7211,-0.3831,0.034,1.604e-29,151413194,7,rs10224210,Systolic blood pressure (no ACE),TRUE,reported,hq6Hss
C,G,0.4531,0.206,0.0311,3.605e-11,155744303,7,rs1870735,Systolic blood pressure (no ACE),TRUE,reported,hq6Hss
A,G,0.6496,-0.1859,0.0319,5.389e-09,18543250,7,rs3807925,Systolic blood pressure (no ACE),TRUE,reported,hq6Hss
A,G,0.159,0.4176,0.0415,7.369e-24,19049388,7,rs2107595,Systolic blood pressure (no ACE),TRUE,reported,hq6Hss
A,G,0.5981,-0.2344,0.031,4.218e-14,1966831,7,rs6959688,Systolic blood pressure (no ACE),TRUE,reported,hq6Hss
A,G,0.3,0.2223,0.0347,1.443e-10,22154454,7,rs13227860,Systolic blood pressure (no ACE),TRUE,reported,hq6Hss
C,G,0.4259,0.1982,0.0307,1.112e-10,22766645,7,rs1800795,Systolic blood pressure (no ACE),TRUE,reported,hq6Hss
C,G,0.8698,0.2739,0.0449,1.091e-09,24738164,7,rs12979,Systolic blood pressure (no ACE),TRUE,reported,hq6Hss
T,C,0.6684,-0.302,0.0327,2.456e-20,2529623,7,rs10282122,Systolic blood pressure (no ACE),TRUE,reported,hq6Hss
A,G,0.7574,0.2683,0.0353,3.112e-14,25887278,7,rs2290263,Systolic blood pressure (no ACE),TRUE,reported,hq6Hss
T,C,0.6687,0.1936,0.0321,1.598e-09,25935030,7,rs896312,Systolic blood pressure (no ACE),TRUE,reported,hq6Hss
A,G,0.9027,-0.2965,0.0512,7.2e-09,27186596,7,rs11983200,Systolic blood pressure (no ACE),TRUE,reported,hq6Hss
T,C,0.0743,-0.91,0.0577,5.29e-56,27245893,7,rs3735533,Systolic blood pressure (no ACE),TRUE,reported,hq6Hss
A,G,0.1039,0.5312,0.0497,1.252e-26,27324369,7,rs17473424,Systolic blood pressure (no ACE),TRUE,reported,hq6Hss
A,G,0.5021,-0.1893,0.0303,3.989e-10,28177338,7,rs849138,Systolic blood pressure (no ACE),TRUE,reported,hq6Hss
A,G,0.6099,-0.1726,0.0312,3.261e-08,28658522,7,rs917275,Systolic blood pressure (no ACE),TRUE,reported,hq6Hss
T,C,0.1066,-0.4086,0.0493,1.13e-16,40440233,7,rs17171710,Systolic blood pressure (no ACE),TRUE,reported,hq6Hss
A,G,0.4009,-0.3213,0.0312,6.622e-25,46008110,7,rs11977526,Systolic blood pressure (no ACE),TRUE,reported,hq6Hss
A,G,0.8061,-0.2382,0.0392,1.197e-09,4669949,7,rs73049928,Systolic blood pressure (no ACE),TRUE,reported,hq6Hss
T,C,0.7541,-0.2151,0.035,7.883e-10,47548893,7,rs12668436,Systolic blood pressure (no ACE),TRUE,reported,hq6Hss
A,G,0.8337,0.2338,0.0413,1.524e-08,71429308,7,rs10950289,Systolic blood pressure (no ACE),TRUE,reported,hq6Hss
A,G,0.4388,-0.1892,0.0321,3.831e-09,75097488,7,rs6963105,Systolic blood pressure (no ACE),TRUE,reported,hq6Hss
T,C,0.2851,-0.2025,0.0339,2.284e-09,77572461,7,rs848445,Systolic blood pressure (no ACE),TRUE,reported,hq6Hss
A,C,0.4106,0.1808,0.0308,4.308e-09,90320790,7,rs10254757,Systolic blood pressure (no ACE),TRUE,reported,hq6Hss
A,G,0.3045,-0.3153,0.0331,1.688e-21,92243672,7,rs42377,Systolic blood pressure (no ACE),TRUE,reported,hq6Hss
T,C,0.5812,0.1756,0.0306,9.478e-09,96463812,7,rs11983783,Systolic blood pressure (no ACE),TRUE,reported,hq6Hss
A,C,0.5468,0.2227,0.0307,3.783e-13,101676675,8,rs2978098,Systolic blood pressure (no ACE),TRUE,reported,hq6Hss
T,C,0.0464,-0.4549,0.074,7.856e-10,102750597,8,rs142449193,Systolic blood pressure (no ACE),TRUE,reported,hq6Hss
A,G,0.1042,-0.4619,0.0507,8.814e-20,105966258,8,rs35783704,Systolic blood pressure (no ACE),TRUE,reported,hq6Hss
A,G,0.3353,0.2473,0.0322,1.587e-14,106325360,8,rs2957468,Systolic blood pressure (no ACE),TRUE,reported,hq6Hss
C,G,0.4108,0.3794,0.0307,5.192e-35,10640065,8,rs1821002,Systolic blood pressure (no ACE),TRUE,reported,hq6Hss
C,G,0.4023,0.1976,0.0308,1.371e-10,110090956,8,rs3110053,Systolic blood pressure (no ACE),TRUE,reported,hq6Hss
T,C,0.8175,-0.3454,0.0392,1.282e-18,120358445,8,rs2470004,Systolic blood pressure (no ACE),TRUE,reported,hq6Hss
A,G,0.2197,0.2689,0.0368,2.866e-13,126520544,8,rs62523863,Systolic blood pressure (no ACE),TRUE,reported,hq6Hss
C,G,0.6653,0.1805,0.032,1.609e-08,129170126,8,rs2608029,Systolic blood pressure (no ACE),TRUE,reported,hq6Hss
T,C,0.6158,0.1911,0.0313,1.002e-09,129483956,8,rs4598218,Systolic blood pressure (no ACE),TRUE,reported,hq6Hss
T,G,0.4991,-0.2325,0.0301,1.211e-14,135616959,8,rs7012866,Systolic blood pressure (no ACE),TRUE,reported,hq6Hss
A,G,0.6321,-0.2201,0.0312,1.874e-12,141057641,8,rs4440615,Systolic blood pressure (no ACE),TRUE,reported,hq6Hss
T,C,0.4513,0.2268,0.0303,7.353e-14,141812374,8,rs4961293,Systolic blood pressure (no ACE),TRUE,reported,hq6Hss
A,G,0.8024,-0.2321,0.0388,2.292e-09,142216322,8,rs79119657,Systolic blood pressure (no ACE),TRUE,reported,hq6Hss
C,G,0.9473,-0.4769,0.0691,5.152e-12,142368160,8,rs60818561,Systolic blood pressure (no ACE),TRUE,reported,hq6Hss
A,G,0.046,-0.4251,0.0748,1.341e-08,142375007,8,rs7460241,Systolic blood pressure (no ACE),TRUE,reported,hq6Hss
A,C,0.4413,0.1862,0.0305,1.032e-09,143312933,8,rs4129585,Systolic blood pressure (no ACE),TRUE,reported,hq6Hss
A,T,0.5445,-0.2753,0.0305,1.806e-19,143991858,8,rs7463212,Systolic blood pressure (no ACE),TRUE,reported,hq6Hss
A,G,0.7119,0.2256,0.0336,1.852e-11,1721090,8,rs4875958,Systolic blood pressure (no ACE),TRUE,reported,hq6Hss
T,C,0.7594,-0.2645,0.0356,1.009e-13,23403424,8,rs2872717,Systolic blood pressure (no ACE),TRUE,reported,hq6Hss
T,G,0.7447,0.4222,0.0348,6.674e-34,25889446,8,rs7821832,Systolic blood pressure (no ACE),TRUE,reported,hq6Hss
A,G,0.8883,-0.3467,0.0485,8.378e-13,26043622,8,rs77375686,Systolic blood pressure (no ACE),TRUE,reported,hq6Hss
A,G,0.2319,0.2966,0.0358,1.204e-16,38130025,8,rs1906672,Systolic blood pressure (no ACE),TRUE,reported,hq6Hss
T,C,0.5517,-0.1798,0.0313,8.952e-09,42324765,8,rs2978456,Systolic blood pressure (no ACE),TRUE,reported,hq6Hss
T,C,0.1724,0.3431,0.0403,1.614e-17,51947549,8,rs4873492,Systolic blood pressure (no ACE),TRUE,reported,hq6Hss
A,C,0.6407,0.2507,0.0317,2.423e-15,64501744,8,rs2354862,Systolic blood pressure (no ACE),TRUE,reported,hq6Hss
T,C,0.2979,0.2127,0.033,1.128e-10,68920135,8,rs13253358,Systolic blood pressure (no ACE),TRUE,reported,hq6Hss
A,G,0.7459,-0.1929,0.0349,3.124e-08,72469742,8,rs4738141,Systolic blood pressure (no ACE),TRUE,reported,hq6Hss
T,G,0.4125,-0.2601,0.0306,1.871e-17,76878957,8,rs2126474,Systolic blood pressure (no ACE),TRUE,reported,hq6Hss
T,C,0.8468,0.3114,0.0421,1.367e-13,77690563,8,rs16939357,Systolic blood pressure (no ACE),TRUE,reported,hq6Hss
T,C,0.1686,-0.2705,0.0406,2.819e-11,81393697,8,rs72688070,Systolic blood pressure (no ACE),TRUE,reported,hq6Hss
A,T,0.7429,0.2481,0.0346,7.963e-13,82797356,8,rs28464834,Systolic blood pressure (no ACE),TRUE,reported,hq6Hss
T,C,0.3189,-0.2151,0.0324,3.005e-11,92149429,8,rs7009170,Systolic blood pressure (no ACE),TRUE,reported,hq6Hss
A,T,0.8148,-0.2681,0.0389,5.81e-12,95253197,8,rs2613203,Systolic blood pressure (no ACE),TRUE,reported,hq6Hss
A,G,0.5059,-0.2003,0.0303,3.639e-11,95969257,8,rs4582532,Systolic blood pressure (no ACE),TRUE,reported,hq6Hss
A,G,0.803,0.2239,0.0377,2.878e-09,112757346,9,rs59400568,Systolic blood pressure (no ACE),TRUE,reported,hq6Hss
A,T,0.8041,-0.2209,0.0379,5.605e-09,113166792,9,rs3739451,Systolic blood pressure (no ACE),TRUE,reported,hq6Hss
T,C,0.9641,-0.7606,0.0827,3.828e-20,113249071,9,rs10980408,Systolic blood pressure (no ACE),TRUE,reported,hq6Hss
T,C,0.5014,-0.2122,0.03,1.52e-12,116696625,9,rs13290326,Systolic blood pressure (no ACE),TRUE,reported,hq6Hss
T,C,0.4091,0.1748,0.0307,1.172e-08,116941019,9,rs3827676,Systolic blood pressure (no ACE),TRUE,reported,hq6Hss
A,G,0.3668,-0.1801,0.0314,9.748e-09,119359745,9,rs2093324,Systolic blood pressure (no ACE),TRUE,reported,hq6Hss
A,G,0.414,0.223,0.0308,4.707e-13,123516572,9,rs34025993,Systolic blood pressure (no ACE),TRUE,reported,hq6Hss
T,C,0.871,0.3018,0.0454,3.093e-11,125624164,9,rs733329,Systolic blood pressure (no ACE),TRUE,reported,hq6Hss
C,G,0.367,-0.1888,0.031,1.205e-09,127044135,9,rs7861040,Systolic blood pressure (no ACE),TRUE,reported,hq6Hss
T,C,0.418,-0.2595,0.0306,2.17e-17,128498594,9,rs7023828,Systolic blood pressure (no ACE),TRUE,reported,hq6Hss
T,C,0.6166,-0.1812,0.0314,7.74e-09,130309028,9,rs1891730,Systolic blood pressure (no ACE),TRUE,reported,hq6Hss
T,C,0.0735,-0.5547,0.0611,1.183e-19,136522274,9,rs6271,Systolic blood pressure (no ACE),TRUE,reported,hq6Hss
A,G,0.2738,-0.191,0.0344,2.815e-08,136906752,9,rs3847320,Systolic blood pressure (no ACE),TRUE,reported,hq6Hss
T,C,0.1991,-0.2058,0.0376,4.25e-08,13899209,9,rs7874646,Systolic blood pressure (no ACE),TRUE,reported,hq6Hss
A,G,0.4057,0.2135,0.0322,3.537e-11,139520789,9,rs11145807,Systolic blood pressure (no ACE),TRUE,reported,hq6Hss
T,C,0.3171,0.1902,0.0333,1.088e-08,139852224,9,rs10781527,Systolic blood pressure (no ACE),TRUE,reported,hq6Hss
T,G,0.462,0.1941,0.0303,1.568e-10,223613,9,rs1536608,Systolic blood pressure (no ACE),TRUE,reported,hq6Hss
T,C,0.2671,0.2048,0.0343,2.472e-09,22942770,9,rs9886665,Systolic blood pressure (no ACE),TRUE,reported,hq6Hss
T,C,0.5141,-0.2035,0.03,1.094e-11,34223553,9,rs4553000,Systolic blood pressure (no ACE),TRUE,reported,hq6Hss
T,C,0.205,-0.2974,0.0397,7.128e-14,35906471,9,rs76452347,Systolic blood pressure (no ACE),TRUE,reported,hq6Hss
T,C,0.4713,0.1689,0.0303,2.438e-08,4117713,9,rs927315,Systolic blood pressure (no ACE),TRUE,reported,hq6Hss
C,G,0.1553,-0.2569,0.0422,1.164e-09,4334791,9,rs28558845,Systolic blood pressure (no ACE),TRUE,reported,hq6Hss
A,G,0.8118,-0.2382,0.0385,5.875e-10,753648,9,rs60191654,Systolic blood pressure (no ACE),TRUE,reported,hq6Hss
A,G,0.1834,-0.2177,0.0388,2.053e-08,77238558,9,rs10746963,Systolic blood pressure (no ACE),TRUE,reported,hq6Hss
T,C,0.3514,0.2203,0.0314,2.317e-12,9350706,9,rs1332813,Systolic blood pressure (no ACE),TRUE,reported,hq6Hss
T,C,0.688,-0.1897,0.0332,1.049e-08,94201341,9,rs10820855,Systolic blood pressure (no ACE),TRUE,reported,hq6Hss
A,T,0.3669,-0.1862,0.0313,2.545e-09,95201540,9,rs7045409,Systolic blood pressure (no ACE),TRUE,reported,hq6Hss
